last_close,predict,residual,LOOKBACK
last_close,predict,target_value,residual,train_loss,test_loss,LOOKBACK,BATCH_SIZE,HIDDEN_SIZE,CONV1_SIZE,NUM_LAYERS,OUTPUT_SIZE,EPOCHS
1.15878,1.158384243600194,1.15965,-0.0012657563998059729,0.00044308385428619835,0.0004500754388326595,120,8,64,32,1,1,5
last_close,predict,target_value,residual,train_loss,test_loss,LOOKBACK,BATCH_SIZE,HIDDEN_SIZE,CONV1_SIZE,NUM_LAYERS,OUTPUT_SIZE,EPOCHS
1.15878,1.1579814181886674,1.15965,-0.00166858181133267,0.00047666109678376717,0.00045585751686682673,120,8,64,32,2,1,5
last_close,predict,target_value,residual,train_loss,test_loss,LOOKBACK,BATCH_SIZE,HIDDEN_SIZE,CONV1_SIZE,NUM_LAYERS,OUTPUT_SIZE,EPOCHS
1.15878,1.1592562886963738,1.15965,-0.00039371130362630957,0.0005288195746787565,0.00048202094362717536,120,8,64,32,3,1,5
last_close,predict,target_value,residual,train_loss,test_loss,LOOKBACK,BATCH_SIZE,HIDDEN_SIZE,CONV1_SIZE,NUM_LAYERS,OUTPUT_SIZE,EPOCHS
1.15878,1.1582154781959952,1.15965,-0.001434521804004829,0.0005844497594389847,0.0004785348322235053,120,8,64,32,4,1,5
last_close,predict,target_value,residual,train_loss,test_loss,LOOKBACK,BATCH_SIZE,HIDDEN_SIZE,CONV1_SIZE,NUM_LAYERS,OUTPUT_SIZE,EPOCHS
1.15878,1.1568585091772645,1.15965,-0.002791490822735554,0.0006756198816911844,0.0005944421299338184,120,8,64,32,5,1,5
last_close,predict,target_value,residual,train_loss,test_loss,LOOKBACK,BATCH_SIZE,HIDDEN_SIZE,CONV1_SIZE,NUM_LAYERS,OUTPUT_SIZE,EPOCHS
1.15878,1.1571620893715082,1.15965,-0.0024879106284918517,0.0007966394324556966,0.0007544785284734766,120,8,64,32,6,1,5
last_close,predict,target_value,residual,train_loss,test_loss,LOOKBACK,BATCH_SIZE,HIDDEN_SIZE,CONV1_SIZE,NUM_LAYERS,OUTPUT_SIZE,EPOCHS
1.15878,1.1586736231176786,1.15965,-0.0009763768823214392,0.0004235708967261699,0.0003911760430431362,120,16,64,32,1,1,5
last_close,predict,target_value,residual,train_loss,test_loss,LOOKBACK,BATCH_SIZE,HIDDEN_SIZE,CONV1_SIZE,NUM_LAYERS,OUTPUT_SIZE,EPOCHS
1.15878,1.1584584645369453,1.15965,-0.001191535463054727,0.0004440856115039276,0.00044557458842320606,120,16,64,32,2,1,5
last_close,predict,target_value,residual,train_loss,test_loss,LOOKBACK,BATCH_SIZE,HIDDEN_SIZE,CONV1_SIZE,NUM_LAYERS,OUTPUT_SIZE,EPOCHS
1.15878,1.1581875112800069,1.15965,-0.0014624887199932157,0.00047432889580302924,0.0004301264798064389,120,16,64,32,3,1,5
last_close,predict,target_value,residual,train_loss,test_loss,LOOKBACK,BATCH_SIZE,HIDDEN_SIZE,CONV1_SIZE,NUM_LAYERS,OUTPUT_SIZE,EPOCHS
1.15878,1.1589044893303528,1.15965,-0.0007455106696472313,0.000591889400919904,0.0004405614638763393,120,16,64,32,4,1,5
last_close,predict,target_value,residual,train_loss,test_loss,LOOKBACK,BATCH_SIZE,HIDDEN_SIZE,CONV1_SIZE,NUM_LAYERS,OUTPUT_SIZE,EPOCHS
1.15878,1.1585461971596855,1.15965,-0.0011038028403145272,0.0007104558313037117,0.0006765290813629504,120,16,64,32,5,1,5
last_close,predict,target_value,residual,train_loss,test_loss,LOOKBACK,BATCH_SIZE,HIDDEN_SIZE,CONV1_SIZE,NUM_LAYERS,OUTPUT_SIZE,EPOCHS
1.15878,1.157236955176468,1.15965,-0.0024130448235319957,0.0008942536362634258,0.000622422734779367,120,16,64,32,6,1,5
last_close,predict,target_value,residual,train_loss,test_loss,LOOKBACK,BATCH_SIZE,HIDDEN_SIZE,CONV1_SIZE,NUM_LAYERS,OUTPUT_SIZE,EPOCHS
1.15878,1.1592576870421731,1.15965,-0.00039231295782693465,0.00044582199003918426,0.00046489105205602333,120,32,64,32,1,1,5
last_close,predict,target_value,residual,train_loss,test_loss,LOOKBACK,BATCH_SIZE,HIDDEN_SIZE,CONV1_SIZE,NUM_LAYERS,OUTPUT_SIZE,EPOCHS
1.15878,1.1591435216109722,1.15965,-0.0005064783890278424,0.00044805152075914683,0.000520898090680697,120,32,64,32,2,1,5
last_close,predict,target_value,residual,train_loss,test_loss,LOOKBACK,BATCH_SIZE,HIDDEN_SIZE,CONV1_SIZE,NUM_LAYERS,OUTPUT_SIZE,EPOCHS
1.15878,1.157750684343678,1.15965,-0.0018993156563220648,0.0004691291952092326,0.0005174134261417352,120,32,64,32,3,1,5
last_close,predict,target_value,residual,train_loss,test_loss,LOOKBACK,BATCH_SIZE,HIDDEN_SIZE,CONV1_SIZE,NUM_LAYERS,OUTPUT_SIZE,EPOCHS
1.15878,1.1580693646361295,1.15965,-0.0015806353638705417,0.0005510341873106886,0.0005125858340481779,120,32,64,32,4,1,5
last_close,predict,target_value,residual,train_loss,test_loss,LOOKBACK,BATCH_SIZE,HIDDEN_SIZE,CONV1_SIZE,NUM_LAYERS,OUTPUT_SIZE,EPOCHS
1.15878,1.1570647516065051,1.15965,-0.0025852483934949433,0.0007254876652289982,0.0009402339383086655,120,32,64,32,5,1,5
last_close,predict,target_value,residual,train_loss,test_loss,LOOKBACK,BATCH_SIZE,HIDDEN_SIZE,CONV1_SIZE,NUM_LAYERS,OUTPUT_SIZE,EPOCHS
1.15878,1.1563374081482187,1.15965,-0.0033125918517813435,0.0010521215557157337,0.000822950377252523,120,32,64,32,6,1,5
last_close,predict,target_value,residual,train_loss,test_loss,LOOKBACK,BATCH_SIZE,HIDDEN_SIZE,CONV1_SIZE,NUM_LAYERS,OUTPUT_SIZE,EPOCHS
1.15878,1.1587567907523115,1.15965,-0.0008932092476885423,0.00045144779100015655,0.0004668668027592596,120,64,64,32,1,1,5
last_close,predict,target_value,residual,train_loss,test_loss,LOOKBACK,BATCH_SIZE,HIDDEN_SIZE,CONV1_SIZE,NUM_LAYERS,OUTPUT_SIZE,EPOCHS
1.15878,1.158879980944388,1.15965,-0.0007700190556121367,0.0004726391739845545,0.0005014021585222322,120,64,64,32,2,1,5
last_close,predict,target_value,residual,train_loss,test_loss,LOOKBACK,BATCH_SIZE,HIDDEN_SIZE,CONV1_SIZE,NUM_LAYERS,OUTPUT_SIZE,EPOCHS
1.15878,1.1591413324531066,1.15965,-0.0005086675468934931,0.00048576789707182726,0.00046444916901796556,120,64,64,32,3,1,5
last_close,predict,target_value,residual,train_loss,test_loss,LOOKBACK,BATCH_SIZE,HIDDEN_SIZE,CONV1_SIZE,NUM_LAYERS,OUTPUT_SIZE,EPOCHS
1.15878,1.156986325450226,1.15965,-0.00266367454977412,0.0005825723935627955,0.0005264798187104483,120,64,64,32,4,1,5
last_close,predict,target_value,residual,train_loss,test_loss,LOOKBACK,BATCH_SIZE,HIDDEN_SIZE,CONV1_SIZE,NUM_LAYERS,OUTPUT_SIZE,EPOCHS
1.15878,1.1574381506634663,1.15965,-0.0022118493365337333,0.0008246581297172293,0.0010395484386185089,120,64,64,32,5,1,5
last_close,predict,target_value,residual,train_loss,test_loss,LOOKBACK,BATCH_SIZE,HIDDEN_SIZE,CONV1_SIZE,NUM_LAYERS,OUTPUT_SIZE,EPOCHS
1.15878,1.1581330606449098,1.15965,-0.00151693935509023,0.001220133206842524,0.0009739698503742544,120,64,64,32,6,1,5
last_close,predict,target_value,residual,train_loss,test_loss,LOOKBACK,BATCH_SIZE,HIDDEN_SIZE,CONV1_SIZE,NUM_LAYERS,OUTPUT_SIZE,EPOCHS
1.15878,1.1589934981133372,1.15965,-0.0006565018866628858,0.0005241782343476259,0.0004980241684302783,120,128,64,32,1,1,5
last_close,predict,target_value,residual,train_loss,test_loss,LOOKBACK,BATCH_SIZE,HIDDEN_SIZE,CONV1_SIZE,NUM_LAYERS,OUTPUT_SIZE,EPOCHS
1.15878,1.158900701578139,1.15965,-0.000749298421861111,0.0005388377281540157,0.000558147668459405,120,128,64,32,2,1,5
last_close,predict,target_value,residual,train_loss,test_loss,LOOKBACK,BATCH_SIZE,HIDDEN_SIZE,CONV1_SIZE,NUM_LAYERS,OUTPUT_SIZE,EPOCHS
1.15878,1.1580084483487318,1.15965,-0.0016415516512682249,0.0005155144963515714,0.00047385869644737494,120,128,64,32,3,1,5
last_close,predict,target_value,residual,train_loss,test_loss,LOOKBACK,BATCH_SIZE,HIDDEN_SIZE,CONV1_SIZE,NUM_LAYERS,OUTPUT_SIZE,EPOCHS
1.15878,1.1584826912173245,1.15965,-0.001167308782675569,0.000617199208462784,0.0005804474375252492,120,128,64,32,4,1,5
last_close,predict,target_value,residual,train_loss,test_loss,LOOKBACK,BATCH_SIZE,HIDDEN_SIZE,CONV1_SIZE,NUM_LAYERS,OUTPUT_SIZE,EPOCHS
1.15878,1.1586940891981894,1.15965,-0.0009559108018106777,0.0009205936862249823,0.0007672707243518045,120,128,64,32,5,1,5
last_close,predict,target_value,residual,train_loss,test_loss,LOOKBACK,BATCH_SIZE,HIDDEN_SIZE,CONV1_SIZE,NUM_LAYERS,OUTPUT_SIZE,EPOCHS
1.15878,1.159420818334656,1.15965,-0.00022918166534413587,0.0014431309055698176,0.0011957462396448813,120,128,64,32,6,1,5
last_close,predict,target_value,residual,train_loss,test_loss,LOOKBACK,BATCH_SIZE,HIDDEN_SIZE,CONV1_SIZE,NUM_LAYERS,OUTPUT_SIZE,EPOCHS
1.15878,1.1581234690788198,1.15965,-0.0015265309211802691,0.0007263402639625546,0.0008459733202098272,120,256,64,32,1,1,5
last_close,predict,target_value,residual,train_loss,test_loss,LOOKBACK,BATCH_SIZE,HIDDEN_SIZE,CONV1_SIZE,NUM_LAYERS,OUTPUT_SIZE,EPOCHS
1.15878,1.1579308062164324,1.15965,-0.001719193783567663,0.0006370357040372582,0.0006912319707528999,120,256,64,32,2,1,5
last_close,predict,target_value,residual,train_loss,test_loss,LOOKBACK,BATCH_SIZE,HIDDEN_SIZE,CONV1_SIZE,NUM_LAYERS,OUTPUT_SIZE,EPOCHS
1.15878,1.1581356910283918,1.15965,-0.0015143089716083136,0.0007095276452720356,0.0007092998354122615,120,256,64,32,3,1,5
last_close,predict,target_value,residual,train_loss,test_loss,LOOKBACK,BATCH_SIZE,HIDDEN_SIZE,CONV1_SIZE,NUM_LAYERS,OUTPUT_SIZE,EPOCHS
1.15878,1.1575246173080922,1.15965,-0.0021253826919078733,0.0007810871178755919,0.0006682367268531846,120,256,64,32,4,1,5
last_close,predict,target_value,residual,train_loss,test_loss,LOOKBACK,BATCH_SIZE,HIDDEN_SIZE,CONV1_SIZE,NUM_LAYERS,OUTPUT_SIZE,EPOCHS
1.15878,1.1595240956752635,1.15965,-0.00012590432473658097,0.0011903212218431947,0.0009704221275826105,120,256,64,32,5,1,5
last_close,predict,target_value,residual,train_loss,test_loss,LOOKBACK,BATCH_SIZE,HIDDEN_SIZE,CONV1_SIZE,NUM_LAYERS,OUTPUT_SIZE,EPOCHS
1.15878,1.1581832789081334,1.15965,-0.0014667210918666296,0.004960773282129174,0.003262312658943045,120,256,64,32,6,1,5
last_close,predict,target_value,residual,train_loss,test_loss,LOOKBACK,BATCH_SIZE,HIDDEN_SIZE,CONV1_SIZE,NUM_LAYERS,OUTPUT_SIZE,EPOCHS
1.15878,1.1579563565736606,1.15965,-0.0016936434263394862,0.0011834779378170003,0.0009451271122088656,120,512,64,32,1,1,5
last_close,predict,target_value,residual,train_loss,test_loss,LOOKBACK,BATCH_SIZE,HIDDEN_SIZE,CONV1_SIZE,NUM_LAYERS,OUTPUT_SIZE,EPOCHS
1.15878,1.158075171844049,1.15965,-0.0015748281559511135,0.0012220252217211498,0.0009839737700531258,120,512,64,32,2,1,5
last_close,predict,target_value,residual,train_loss,test_loss,LOOKBACK,BATCH_SIZE,HIDDEN_SIZE,CONV1_SIZE,NUM_LAYERS,OUTPUT_SIZE,EPOCHS
1.15878,1.1579900356643584,1.15965,-0.0016599643356416394,0.001288348716349365,0.0009402903553564102,120,512,64,32,3,1,5
last_close,predict,target_value,residual,train_loss,test_loss,LOOKBACK,BATCH_SIZE,HIDDEN_SIZE,CONV1_SIZE,NUM_LAYERS,OUTPUT_SIZE,EPOCHS
1.15878,1.1589448954146782,1.15965,-0.000705104585321914,0.0011466781322199565,0.0010741027654148638,120,512,64,32,4,1,5
last_close,predict,target_value,residual,train_loss,test_loss,LOOKBACK,BATCH_SIZE,HIDDEN_SIZE,CONV1_SIZE,NUM_LAYERS,OUTPUT_SIZE,EPOCHS
1.15878,1.154696242315974,1.15965,-0.004953757684026172,0.006172481169088338,0.005487972684204578,120,512,64,32,5,1,5
last_close,predict,target_value,residual,train_loss,test_loss,LOOKBACK,BATCH_SIZE,HIDDEN_SIZE,CONV1_SIZE,NUM_LAYERS,OUTPUT_SIZE,EPOCHS
1.15878,1.1299451898986643,1.15965,-0.029704810101335744,1.0494651916699531,0.8220364570617675,120,512,64,32,6,1,5
last_close,predict,target_value,residual,train_loss,test_loss,LOOKBACK,BATCH_SIZE,HIDDEN_SIZE,CONV1_SIZE,NUM_LAYERS,OUTPUT_SIZE,EPOCHS
1.15878,1.1577446191884753,1.15965,-0.0019053808115248039,0.0004594242491920936,0.0005534173882509538,120,8,64,64,1,1,5
last_close,predict,target_value,residual,train_loss,test_loss,LOOKBACK,BATCH_SIZE,HIDDEN_SIZE,CONV1_SIZE,NUM_LAYERS,OUTPUT_SIZE,EPOCHS
1.15878,1.1579156484194901,1.15965,-0.0017343515805099408,0.00047908105883106764,0.00043883609210014084,120,8,64,64,2,1,5
last_close,predict,target_value,residual,train_loss,test_loss,LOOKBACK,BATCH_SIZE,HIDDEN_SIZE,CONV1_SIZE,NUM_LAYERS,OUTPUT_SIZE,EPOCHS
1.15878,1.1587143957586696,1.15965,-0.0009356042413304344,0.0005183847944969858,0.00041494404594572643,120,8,64,64,3,1,5
last_close,predict,target_value,residual,train_loss,test_loss,LOOKBACK,BATCH_SIZE,HIDDEN_SIZE,CONV1_SIZE,NUM_LAYERS,OUTPUT_SIZE,EPOCHS
1.15878,1.158105198944261,1.15965,-0.0015448010557390646,0.0005833280768382797,0.0005983228994499438,120,8,64,64,4,1,5
last_close,predict,target_value,residual,train_loss,test_loss,LOOKBACK,BATCH_SIZE,HIDDEN_SIZE,CONV1_SIZE,NUM_LAYERS,OUTPUT_SIZE,EPOCHS
1.15878,1.1577008665775526,1.15965,-0.0019491334224475132,0.0006779492874767087,0.0005008766302001888,120,8,64,64,5,1,5
last_close,predict,target_value,residual,train_loss,test_loss,LOOKBACK,BATCH_SIZE,HIDDEN_SIZE,CONV1_SIZE,NUM_LAYERS,OUTPUT_SIZE,EPOCHS
1.15878,1.1568365259594424,1.15965,-0.002813474040557651,0.0007976141433644979,0.000707969418397197,120,8,64,64,6,1,5
last_close,predict,target_value,residual,train_loss,test_loss,LOOKBACK,BATCH_SIZE,HIDDEN_SIZE,CONV1_SIZE,NUM_LAYERS,OUTPUT_SIZE,EPOCHS
1.15878,1.1585890096206415,1.15965,-0.001060990379358584,0.0004377971605017497,0.0005270487511330803,120,16,64,64,1,1,5
last_close,predict,target_value,residual,train_loss,test_loss,LOOKBACK,BATCH_SIZE,HIDDEN_SIZE,CONV1_SIZE,NUM_LAYERS,OUTPUT_SIZE,EPOCHS
1.15878,1.1576980664919103,1.15965,-0.0019519335080897537,0.0004602464451908525,0.0006302628843374036,120,16,64,64,2,1,5
last_close,predict,target_value,residual,train_loss,test_loss,LOOKBACK,BATCH_SIZE,HIDDEN_SIZE,CONV1_SIZE,NUM_LAYERS,OUTPUT_SIZE,EPOCHS
1.15878,1.1581616350946313,1.15965,-0.0014883649053687442,0.0004948228348058724,0.00047617817438386293,120,16,64,64,3,1,5
last_close,predict,target_value,residual,train_loss,test_loss,LOOKBACK,BATCH_SIZE,HIDDEN_SIZE,CONV1_SIZE,NUM_LAYERS,OUTPUT_SIZE,EPOCHS
1.15878,1.1571793548692793,1.15965,-0.0024706451307208166,0.000580203854806693,0.0007223578225024632,120,16,64,64,4,1,5
last_close,predict,target_value,residual,train_loss,test_loss,LOOKBACK,BATCH_SIZE,HIDDEN_SIZE,CONV1_SIZE,NUM_LAYERS,OUTPUT_SIZE,EPOCHS
1.15878,1.1582427730914293,1.15965,-0.0014072269085707578,0.0006680889114939253,0.0006639332822580913,120,16,64,64,5,1,5
last_close,predict,target_value,residual,train_loss,test_loss,LOOKBACK,BATCH_SIZE,HIDDEN_SIZE,CONV1_SIZE,NUM_LAYERS,OUTPUT_SIZE,EPOCHS
1.15878,1.156457160174531,1.15965,-0.0031928398254690293,0.0009318382601010401,0.0008710182963999941,120,16,64,64,6,1,5
last_close,predict,target_value,residual,train_loss,test_loss,LOOKBACK,BATCH_SIZE,HIDDEN_SIZE,CONV1_SIZE,NUM_LAYERS,OUTPUT_SIZE,EPOCHS
1.15878,1.1576389592295397,1.15965,-0.002011040770460326,0.00044452348264017717,0.0007289933882230588,120,32,64,64,1,1,5
last_close,predict,target_value,residual,train_loss,test_loss,LOOKBACK,BATCH_SIZE,HIDDEN_SIZE,CONV1_SIZE,NUM_LAYERS,OUTPUT_SIZE,EPOCHS
1.15878,1.157372628659443,1.15965,-0.002277371340557055,0.00046472649088054904,0.0006501087730448956,120,32,64,64,2,1,5
last_close,predict,target_value,residual,train_loss,test_loss,LOOKBACK,BATCH_SIZE,HIDDEN_SIZE,CONV1_SIZE,NUM_LAYERS,OUTPUT_SIZE,EPOCHS
1.15878,1.1577920475481864,1.15965,-0.001857952451813638,0.0004863442601194477,0.000777633978615109,120,32,64,64,3,1,5
last_close,predict,target_value,residual,train_loss,test_loss,LOOKBACK,BATCH_SIZE,HIDDEN_SIZE,CONV1_SIZE,NUM_LAYERS,OUTPUT_SIZE,EPOCHS
1.15878,1.157821663969171,1.15965,-0.001828336030829103,0.0005704276455094278,0.0006168776962089723,120,32,64,64,4,1,5
last_close,predict,target_value,residual,train_loss,test_loss,LOOKBACK,BATCH_SIZE,HIDDEN_SIZE,CONV1_SIZE,NUM_LAYERS,OUTPUT_SIZE,EPOCHS
1.15878,1.1552466305438136,1.15965,-0.004403369456186468,0.0007267771463912337,0.0009522996805548572,120,32,64,64,5,1,5
last_close,predict,target_value,residual,train_loss,test_loss,LOOKBACK,BATCH_SIZE,HIDDEN_SIZE,CONV1_SIZE,NUM_LAYERS,OUTPUT_SIZE,EPOCHS
1.15878,1.1563840083613885,1.15965,-0.0032659916386115206,0.001027557751571434,0.0008776825105973657,120,32,64,64,6,1,5
last_close,predict,target_value,residual,train_loss,test_loss,LOOKBACK,BATCH_SIZE,HIDDEN_SIZE,CONV1_SIZE,NUM_LAYERS,OUTPUT_SIZE,EPOCHS
1.15878,1.1579619906853766,1.15965,-0.0016880093146234287,0.0004949648467887668,0.0006854426019111624,120,64,64,64,1,1,5
last_close,predict,target_value,residual,train_loss,test_loss,LOOKBACK,BATCH_SIZE,HIDDEN_SIZE,CONV1_SIZE,NUM_LAYERS,OUTPUT_SIZE,EPOCHS
1.15878,1.1589482351531892,1.15965,-0.0007017648468108373,0.0004795162207161551,0.0005106912455327498,120,64,64,64,2,1,5
last_close,predict,target_value,residual,train_loss,test_loss,LOOKBACK,BATCH_SIZE,HIDDEN_SIZE,CONV1_SIZE,NUM_LAYERS,OUTPUT_SIZE,EPOCHS
1.15878,1.1589765482615841,1.15965,-0.0006734517384159311,0.0005081841509309015,0.0005517956077454026,120,64,64,64,3,1,5
last_close,predict,target_value,residual,train_loss,test_loss,LOOKBACK,BATCH_SIZE,HIDDEN_SIZE,CONV1_SIZE,NUM_LAYERS,OUTPUT_SIZE,EPOCHS
1.15878,1.158324847844151,1.15965,-0.001325152155849052,0.0005942978663463295,0.0006968642889823501,120,64,64,64,4,1,5
last_close,predict,target_value,residual,train_loss,test_loss,LOOKBACK,BATCH_SIZE,HIDDEN_SIZE,CONV1_SIZE,NUM_LAYERS,OUTPUT_SIZE,EPOCHS
1.15878,1.1569416971761568,1.15965,-0.002708302823843267,0.0007788988947513878,0.0007072289585126922,120,64,64,64,5,1,5
last_close,predict,target_value,residual,train_loss,test_loss,LOOKBACK,BATCH_SIZE,HIDDEN_SIZE,CONV1_SIZE,NUM_LAYERS,OUTPUT_SIZE,EPOCHS
1.15878,1.1534228516111038,1.15965,-0.006227148388896264,0.0012137082154274536,0.003362590135134852,120,64,64,64,6,1,5
last_close,predict,target_value,residual,train_loss,test_loss,LOOKBACK,BATCH_SIZE,HIDDEN_SIZE,CONV1_SIZE,NUM_LAYERS,OUTPUT_SIZE,EPOCHS
1.15878,1.1585952342958747,1.15965,-0.0010547657041253267,0.0005439919094407322,0.00069754118755018,120,128,64,64,1,1,5
last_close,predict,target_value,residual,train_loss,test_loss,LOOKBACK,BATCH_SIZE,HIDDEN_SIZE,CONV1_SIZE,NUM_LAYERS,OUTPUT_SIZE,EPOCHS
1.15878,1.1569741476232154,1.15965,-0.002675852376784693,0.0005940310518034936,0.0007843060623436498,120,128,64,64,2,1,5
last_close,predict,target_value,residual,train_loss,test_loss,LOOKBACK,BATCH_SIZE,HIDDEN_SIZE,CONV1_SIZE,NUM_LAYERS,OUTPUT_SIZE,EPOCHS
1.15878,1.1585378749657531,1.15965,-0.001112125034246958,0.000555630253354768,0.0007601600940315387,120,128,64,64,3,1,5
last_close,predict,target_value,residual,train_loss,test_loss,LOOKBACK,BATCH_SIZE,HIDDEN_SIZE,CONV1_SIZE,NUM_LAYERS,OUTPUT_SIZE,EPOCHS
1.15878,1.1574040031948065,1.15965,-0.002245996805193551,0.0005909998733095096,0.0007101386790730966,120,128,64,64,4,1,5
last_close,predict,target_value,residual,train_loss,test_loss,LOOKBACK,BATCH_SIZE,HIDDEN_SIZE,CONV1_SIZE,NUM_LAYERS,OUTPUT_SIZE,EPOCHS
1.15878,1.1554039987509388,1.15965,-0.004246001249061271,0.0008951116135740916,0.0011304908615644448,120,128,64,64,5,1,5
last_close,predict,target_value,residual,train_loss,test_loss,LOOKBACK,BATCH_SIZE,HIDDEN_SIZE,CONV1_SIZE,NUM_LAYERS,OUTPUT_SIZE,EPOCHS
1.15878,1.1559257650124521,1.15965,-0.0037242349875479253,0.0013388511795664015,0.0016564024785438026,120,128,64,64,6,1,5
last_close,predict,target_value,residual,train_loss,test_loss,LOOKBACK,BATCH_SIZE,HIDDEN_SIZE,CONV1_SIZE,NUM_LAYERS,OUTPUT_SIZE,EPOCHS
1.15878,1.1581878744426295,1.15965,-0.001462125557370575,0.0007614979017839337,0.000840032507534115,120,256,64,64,1,1,5
last_close,predict,target_value,residual,train_loss,test_loss,LOOKBACK,BATCH_SIZE,HIDDEN_SIZE,CONV1_SIZE,NUM_LAYERS,OUTPUT_SIZE,EPOCHS
1.15878,1.158725697922534,1.15965,-0.0009243020774660771,0.0007927548800720475,0.0008923617663244024,120,256,64,64,2,1,5
last_close,predict,target_value,residual,train_loss,test_loss,LOOKBACK,BATCH_SIZE,HIDDEN_SIZE,CONV1_SIZE,NUM_LAYERS,OUTPUT_SIZE,EPOCHS
1.15878,1.1571527082360966,1.15965,-0.002497291763903453,0.0006797478296599971,0.0009070347878150642,120,256,64,64,3,1,5
last_close,predict,target_value,residual,train_loss,test_loss,LOOKBACK,BATCH_SIZE,HIDDEN_SIZE,CONV1_SIZE,NUM_LAYERS,OUTPUT_SIZE,EPOCHS
1.15878,1.1536539859531911,1.15965,-0.00599601404680894,0.0008116518158483534,0.0017787874885237752,120,256,64,64,4,1,5
last_close,predict,target_value,residual,train_loss,test_loss,LOOKBACK,BATCH_SIZE,HIDDEN_SIZE,CONV1_SIZE,NUM_LAYERS,OUTPUT_SIZE,EPOCHS
1.15878,1.1567179075435596,1.15965,-0.0029320924564404383,0.001029877137998716,0.0011834721245134298,120,256,64,64,5,1,5
last_close,predict,target_value,residual,train_loss,test_loss,LOOKBACK,BATCH_SIZE,HIDDEN_SIZE,CONV1_SIZE,NUM_LAYERS,OUTPUT_SIZE,EPOCHS
1.15878,1.160778584953539,1.15965,0.001128584953538958,0.0022928140279896655,0.002216819029014844,120,256,64,64,6,1,5
last_close,predict,target_value,residual,train_loss,test_loss,LOOKBACK,BATCH_SIZE,HIDDEN_SIZE,CONV1_SIZE,NUM_LAYERS,OUTPUT_SIZE,EPOCHS
1.15878,1.159152454732681,1.15965,-0.0004975452673190439,0.0013731748741776801,0.0013065792096313088,120,512,64,64,1,1,5
last_close,predict,target_value,residual,train_loss,test_loss,LOOKBACK,BATCH_SIZE,HIDDEN_SIZE,CONV1_SIZE,NUM_LAYERS,OUTPUT_SIZE,EPOCHS
1.15878,1.157336285244831,1.15965,-0.0023137147551690607,0.0014726123369585436,0.0017296620411798359,120,512,64,64,2,1,5
last_close,predict,target_value,residual,train_loss,test_loss,LOOKBACK,BATCH_SIZE,HIDDEN_SIZE,CONV1_SIZE,NUM_LAYERS,OUTPUT_SIZE,EPOCHS
1.15878,1.1567636083352808,1.15965,-0.0028863916647192678,0.0012882838558513098,0.0020824237610213457,120,512,64,64,3,1,5
last_close,predict,target_value,residual,train_loss,test_loss,LOOKBACK,BATCH_SIZE,HIDDEN_SIZE,CONV1_SIZE,NUM_LAYERS,OUTPUT_SIZE,EPOCHS
1.15878,1.1576362304188048,1.15965,-0.002013769581195257,0.0014071081524702888,0.001173806021688506,120,512,64,64,4,1,5
last_close,predict,target_value,residual,train_loss,test_loss,LOOKBACK,BATCH_SIZE,HIDDEN_SIZE,CONV1_SIZE,NUM_LAYERS,OUTPUT_SIZE,EPOCHS
1.15878,1.1584183197939466,1.15965,-0.0012316802060534648,0.001867122530268553,0.0015933390182908624,120,512,64,64,5,1,5
last_close,predict,target_value,residual,train_loss,test_loss,LOOKBACK,BATCH_SIZE,HIDDEN_SIZE,CONV1_SIZE,NUM_LAYERS,OUTPUT_SIZE,EPOCHS
1.15878,1.1613255859262628,1.15965,0.0016755859262627126,0.4691429158242849,0.04094403795897961,120,512,64,64,6,1,5
last_close,predict,target_value,residual,train_loss,test_loss,LOOKBACK,BATCH_SIZE,HIDDEN_SIZE,CONV1_SIZE,NUM_LAYERS,OUTPUT_SIZE,EPOCHS
1.15878,1.1583338793931128,1.15965,-0.0013161206068872389,0.0004923062684744538,0.0006445455442718772,120,8,64,128,1,1,5
last_close,predict,target_value,residual,train_loss,test_loss,LOOKBACK,BATCH_SIZE,HIDDEN_SIZE,CONV1_SIZE,NUM_LAYERS,OUTPUT_SIZE,EPOCHS
1.15878,1.1571453092219153,1.15965,-0.002504690778084795,0.0004995071335251151,0.0007376495137058582,120,8,64,128,2,1,5
last_close,predict,target_value,residual,train_loss,test_loss,LOOKBACK,BATCH_SIZE,HIDDEN_SIZE,CONV1_SIZE,NUM_LAYERS,OUTPUT_SIZE,EPOCHS
1.15878,1.1566819951724345,1.15965,-0.00296800482756554,0.0005351963580957883,0.0012388761046978963,120,8,64,128,3,1,5
last_close,predict,target_value,residual,train_loss,test_loss,LOOKBACK,BATCH_SIZE,HIDDEN_SIZE,CONV1_SIZE,NUM_LAYERS,OUTPUT_SIZE,EPOCHS
1.15878,1.1576256240337972,1.15965,-0.0020243759662028626,0.0005990416361396437,0.000586858476146259,120,8,64,128,4,1,5
last_close,predict,target_value,residual,train_loss,test_loss,LOOKBACK,BATCH_SIZE,HIDDEN_SIZE,CONV1_SIZE,NUM_LAYERS,OUTPUT_SIZE,EPOCHS
1.15878,1.1576001653157355,1.15965,-0.002049834684264562,0.00069607630827581,0.0007270071883884735,120,8,64,128,5,1,5
last_close,predict,target_value,residual,train_loss,test_loss,LOOKBACK,BATCH_SIZE,HIDDEN_SIZE,CONV1_SIZE,NUM_LAYERS,OUTPUT_SIZE,EPOCHS
1.15878,1.158812354633579,1.15965,-0.0008376453664211692,0.0008263481097742351,0.0006268364267305233,120,8,64,128,6,1,5
last_close,predict,target_value,residual,train_loss,test_loss,LOOKBACK,BATCH_SIZE,HIDDEN_SIZE,CONV1_SIZE,NUM_LAYERS,OUTPUT_SIZE,EPOCHS
1.15878,1.1588521294258685,1.15965,-0.0007978705741316094,0.0004733183140530469,0.0004690766196663623,120,16,64,128,1,1,5
last_close,predict,target_value,residual,train_loss,test_loss,LOOKBACK,BATCH_SIZE,HIDDEN_SIZE,CONV1_SIZE,NUM_LAYERS,OUTPUT_SIZE,EPOCHS
1.15878,1.1578912248846054,1.15965,-0.001758775115394684,0.00047764858878222773,0.0005915678944242805,120,16,64,128,2,1,5
last_close,predict,target_value,residual,train_loss,test_loss,LOOKBACK,BATCH_SIZE,HIDDEN_SIZE,CONV1_SIZE,NUM_LAYERS,OUTPUT_SIZE,EPOCHS
1.15878,1.156610856026911,1.15965,-0.00303914397308902,0.0005527738820240841,0.0008544708426154848,120,16,64,128,3,1,5
last_close,predict,target_value,residual,train_loss,test_loss,LOOKBACK,BATCH_SIZE,HIDDEN_SIZE,CONV1_SIZE,NUM_LAYERS,OUTPUT_SIZE,EPOCHS
1.15878,1.1593402980537209,1.15965,-0.0003097019462792172,0.0005763926749531148,0.0006553046373599686,120,16,64,128,4,1,5
last_close,predict,target_value,residual,train_loss,test_loss,LOOKBACK,BATCH_SIZE,HIDDEN_SIZE,CONV1_SIZE,NUM_LAYERS,OUTPUT_SIZE,EPOCHS
1.15878,1.155210524712226,1.15965,-0.004439475287774108,0.0006830176068543634,0.0008320981669968228,120,16,64,128,5,1,5
last_close,predict,target_value,residual,train_loss,test_loss,LOOKBACK,BATCH_SIZE,HIDDEN_SIZE,CONV1_SIZE,NUM_LAYERS,OUTPUT_SIZE,EPOCHS
1.15878,1.1563925104396107,1.15965,-0.003257489560389404,0.0008702468479088081,0.0009827280016160773,120,16,64,128,6,1,5
last_close,predict,target_value,residual,train_loss,test_loss,LOOKBACK,BATCH_SIZE,HIDDEN_SIZE,CONV1_SIZE,NUM_LAYERS,OUTPUT_SIZE,EPOCHS
1.15878,1.1587601915836006,1.15965,-0.0008898084163995179,0.0004661395607703162,0.0006390650633898659,120,32,64,128,1,1,5
last_close,predict,target_value,residual,train_loss,test_loss,LOOKBACK,BATCH_SIZE,HIDDEN_SIZE,CONV1_SIZE,NUM_LAYERS,OUTPUT_SIZE,EPOCHS
1.15878,1.1589616008953205,1.15965,-0.000688399104679549,0.0005237289536154344,0.0006270539449290552,120,32,64,128,2,1,5
last_close,predict,target_value,residual,train_loss,test_loss,LOOKBACK,BATCH_SIZE,HIDDEN_SIZE,CONV1_SIZE,NUM_LAYERS,OUTPUT_SIZE,EPOCHS
1.15878,1.1571438429952519,1.15965,-0.0025061570047482107,0.0005023361507019195,0.0009597974587030386,120,32,64,128,3,1,5
last_close,predict,target_value,residual,train_loss,test_loss,LOOKBACK,BATCH_SIZE,HIDDEN_SIZE,CONV1_SIZE,NUM_LAYERS,OUTPUT_SIZE,EPOCHS
1.15878,1.154668329704677,1.15965,-0.004981670295323148,0.0005832458872994283,0.0012003234624455965,120,32,64,128,4,1,5
last_close,predict,target_value,residual,train_loss,test_loss,LOOKBACK,BATCH_SIZE,HIDDEN_SIZE,CONV1_SIZE,NUM_LAYERS,OUTPUT_SIZE,EPOCHS
1.15878,1.1564646644040517,1.15965,-0.0031853355959483576,0.0007555277623756548,0.0010079248864386524,120,32,64,128,5,1,5
last_close,predict,target_value,residual,train_loss,test_loss,LOOKBACK,BATCH_SIZE,HIDDEN_SIZE,CONV1_SIZE,NUM_LAYERS,OUTPUT_SIZE,EPOCHS
1.15878,1.1562413838779348,1.15965,-0.0034086161220652222,0.001051137474839876,0.0016777945799194872,120,32,64,128,6,1,5
last_close,predict,target_value,residual,train_loss,test_loss,LOOKBACK,BATCH_SIZE,HIDDEN_SIZE,CONV1_SIZE,NUM_LAYERS,OUTPUT_SIZE,EPOCHS
1.15878,1.1584083107605427,1.15965,-0.0012416892394573331,0.0005340013330845604,0.0007831542928052398,120,64,64,128,1,1,5
last_close,predict,target_value,residual,train_loss,test_loss,LOOKBACK,BATCH_SIZE,HIDDEN_SIZE,CONV1_SIZE,NUM_LAYERS,OUTPUT_SIZE,EPOCHS
1.15878,1.1586390547876615,1.15965,-0.0010109452123385765,0.0005103716518696717,0.0007078597166885933,120,64,64,128,2,1,5
last_close,predict,target_value,residual,train_loss,test_loss,LOOKBACK,BATCH_SIZE,HIDDEN_SIZE,CONV1_SIZE,NUM_LAYERS,OUTPUT_SIZE,EPOCHS
1.15878,1.1587954149639554,1.15965,-0.0008545850360446305,0.0005468358671910559,0.0007875889514719184,120,64,64,128,3,1,5
last_close,predict,target_value,residual,train_loss,test_loss,LOOKBACK,BATCH_SIZE,HIDDEN_SIZE,CONV1_SIZE,NUM_LAYERS,OUTPUT_SIZE,EPOCHS
1.15878,1.1558235126728917,1.15965,-0.00382648732710833,0.0006206752493595466,0.0010072582014030418,120,64,64,128,4,1,5
last_close,predict,target_value,residual,train_loss,test_loss,LOOKBACK,BATCH_SIZE,HIDDEN_SIZE,CONV1_SIZE,NUM_LAYERS,OUTPUT_SIZE,EPOCHS
1.15878,1.1525594341727448,1.15965,-0.007090565827255313,0.0008604075832035727,0.0023814848290595156,120,64,64,128,5,1,5
last_close,predict,target_value,residual,train_loss,test_loss,LOOKBACK,BATCH_SIZE,HIDDEN_SIZE,CONV1_SIZE,NUM_LAYERS,OUTPUT_SIZE,EPOCHS
1.15878,1.1548731364536426,1.15965,-0.004776863546357424,0.0011134527912639524,0.0016557126401517636,120,64,64,128,6,1,5
last_close,predict,target_value,residual,train_loss,test_loss,LOOKBACK,BATCH_SIZE,HIDDEN_SIZE,CONV1_SIZE,NUM_LAYERS,OUTPUT_SIZE,EPOCHS
1.15878,1.157969780014526,1.15965,-0.001680219985473963,0.000618931132917985,0.00127284277531987,120,128,64,128,1,1,5
last_close,predict,target_value,residual,train_loss,test_loss,LOOKBACK,BATCH_SIZE,HIDDEN_SIZE,CONV1_SIZE,NUM_LAYERS,OUTPUT_SIZE,EPOCHS
1.15878,1.1557728396078792,1.15965,-0.0038771603921208264,0.0006415268899917675,0.0013973725928316037,120,128,64,128,2,1,5
last_close,predict,target_value,residual,train_loss,test_loss,LOOKBACK,BATCH_SIZE,HIDDEN_SIZE,CONV1_SIZE,NUM_LAYERS,OUTPUT_SIZE,EPOCHS
1.15878,1.1556172057568306,1.15965,-0.004032794243169491,0.0006945380905213264,0.0018289107075617767,120,128,64,128,3,1,5
last_close,predict,target_value,residual,train_loss,test_loss,LOOKBACK,BATCH_SIZE,HIDDEN_SIZE,CONV1_SIZE,NUM_LAYERS,OUTPUT_SIZE,EPOCHS
1.15878,1.1543700951284772,1.15965,-0.005279904871522856,0.0007351496028721344,0.0015586432209835411,120,128,64,128,4,1,5
last_close,predict,target_value,residual,train_loss,test_loss,LOOKBACK,BATCH_SIZE,HIDDEN_SIZE,CONV1_SIZE,NUM_LAYERS,OUTPUT_SIZE,EPOCHS
1.15878,1.1568468845792963,1.15965,-0.0028031154207037723,0.0008576286476081571,0.000940280755271371,120,128,64,128,5,1,5
last_close,predict,target_value,residual,train_loss,test_loss,LOOKBACK,BATCH_SIZE,HIDDEN_SIZE,CONV1_SIZE,NUM_LAYERS,OUTPUT_SIZE,EPOCHS
1.15878,1.1569166593194522,1.15965,-0.002733340680547869,0.0014881118712275145,0.002458186608213836,120,128,64,128,6,1,5
last_close,predict,target_value,residual,train_loss,test_loss,LOOKBACK,BATCH_SIZE,HIDDEN_SIZE,CONV1_SIZE,NUM_LAYERS,OUTPUT_SIZE,EPOCHS
1.15878,1.1588870269780762,1.15965,-0.0007629730219238517,0.0008066573408984531,0.0016305317926125075,120,256,64,128,1,1,5
last_close,predict,target_value,residual,train_loss,test_loss,LOOKBACK,BATCH_SIZE,HIDDEN_SIZE,CONV1_SIZE,NUM_LAYERS,OUTPUT_SIZE,EPOCHS
1.15878,1.1569243875558244,1.15965,-0.0027256124441756846,0.0008398997233598493,0.0014793417350842785,120,256,64,128,2,1,5
last_close,predict,target_value,residual,train_loss,test_loss,LOOKBACK,BATCH_SIZE,HIDDEN_SIZE,CONV1_SIZE,NUM_LAYERS,OUTPUT_SIZE,EPOCHS
1.15878,1.1555971096270288,1.15965,-0.004052890372971296,0.0008869451427390465,0.0015867116132703347,120,256,64,128,3,1,5
last_close,predict,target_value,residual,train_loss,test_loss,LOOKBACK,BATCH_SIZE,HIDDEN_SIZE,CONV1_SIZE,NUM_LAYERS,OUTPUT_SIZE,EPOCHS
1.15878,1.1558733915317951,1.15965,-0.003776608468204934,0.0008627289756147477,0.0013000574350977938,120,256,64,128,4,1,5
last_close,predict,target_value,residual,train_loss,test_loss,LOOKBACK,BATCH_SIZE,HIDDEN_SIZE,CONV1_SIZE,NUM_LAYERS,OUTPUT_SIZE,EPOCHS
1.15878,1.1574652622805677,1.15965,-0.0021847377194323947,0.0011092148376449656,0.0013134086188167715,120,256,64,128,5,1,5
last_close,predict,target_value,residual,train_loss,test_loss,LOOKBACK,BATCH_SIZE,HIDDEN_SIZE,CONV1_SIZE,NUM_LAYERS,OUTPUT_SIZE,EPOCHS
1.15878,1.156860827308772,1.15965,-0.0027891726912281367,0.0019535160838411404,0.0030295114832906388,120,256,64,128,6,1,5
last_close,predict,target_value,residual,train_loss,test_loss,LOOKBACK,BATCH_SIZE,HIDDEN_SIZE,CONV1_SIZE,NUM_LAYERS,OUTPUT_SIZE,EPOCHS
1.15878,1.1588080883212735,1.15965,-0.0008419116787266034,0.0011686139489309145,0.0012549492472317069,120,512,64,128,1,1,5
last_close,predict,target_value,residual,train_loss,test_loss,LOOKBACK,BATCH_SIZE,HIDDEN_SIZE,CONV1_SIZE,NUM_LAYERS,OUTPUT_SIZE,EPOCHS
1.15878,1.1598834705457124,1.15965,0.00023347054571232206,0.0014766194448710824,0.00183085523894988,120,512,64,128,2,1,5
last_close,predict,target_value,residual,train_loss,test_loss,LOOKBACK,BATCH_SIZE,HIDDEN_SIZE,CONV1_SIZE,NUM_LAYERS,OUTPUT_SIZE,EPOCHS
1.15878,1.1541911374125413,1.15965,-0.005458862587458757,0.0014127028997068126,0.0020789423724636436,120,512,64,128,3,1,5
last_close,predict,target_value,residual,train_loss,test_loss,LOOKBACK,BATCH_SIZE,HIDDEN_SIZE,CONV1_SIZE,NUM_LAYERS,OUTPUT_SIZE,EPOCHS
1.15878,1.1590220691690154,1.15965,-0.0006279308309846687,0.0017881756633496247,0.0018174298806115986,120,512,64,128,4,1,5
last_close,predict,target_value,residual,train_loss,test_loss,LOOKBACK,BATCH_SIZE,HIDDEN_SIZE,CONV1_SIZE,NUM_LAYERS,OUTPUT_SIZE,EPOCHS
1.15878,1.1562602208177086,1.15965,-0.0033897791822914414,0.0020112158336605015,0.002065184840466827,120,512,64,128,5,1,5
last_close,predict,target_value,residual,train_loss,test_loss,LOOKBACK,BATCH_SIZE,HIDDEN_SIZE,CONV1_SIZE,NUM_LAYERS,OUTPUT_SIZE,EPOCHS
1.15878,1.153361080024819,1.15965,-0.0062889199751809954,0.09804695648833728,0.007907428196631372,120,512,64,128,6,1,5
last_close,predict,target_value,residual,train_loss,test_loss,LOOKBACK,BATCH_SIZE,HIDDEN_SIZE,CONV1_SIZE,NUM_LAYERS,OUTPUT_SIZE,EPOCHS
1.15878,1.1587974581779634,1.15965,-0.0008525418220366454,0.0004392302065597678,0.0004679270180640275,120,8,128,32,1,1,5
last_close,predict,target_value,residual,train_loss,test_loss,LOOKBACK,BATCH_SIZE,HIDDEN_SIZE,CONV1_SIZE,NUM_LAYERS,OUTPUT_SIZE,EPOCHS
1.15878,1.158435290009959,1.15965,-0.0012147099900410296,0.0004514611797566582,0.00043164526484420053,120,8,128,32,2,1,5
last_close,predict,target_value,residual,train_loss,test_loss,LOOKBACK,BATCH_SIZE,HIDDEN_SIZE,CONV1_SIZE,NUM_LAYERS,OUTPUT_SIZE,EPOCHS
1.15878,1.1588648197534026,1.15965,-0.0007851802465974611,0.00048163910354722273,0.000373013825514808,120,8,128,32,3,1,5
last_close,predict,target_value,residual,train_loss,test_loss,LOOKBACK,BATCH_SIZE,HIDDEN_SIZE,CONV1_SIZE,NUM_LAYERS,OUTPUT_SIZE,EPOCHS
1.15878,1.1584423733781226,1.15965,-0.0012076266218774556,0.0005610574422067072,0.0005142353181313195,120,8,128,32,4,1,5
last_close,predict,target_value,residual,train_loss,test_loss,LOOKBACK,BATCH_SIZE,HIDDEN_SIZE,CONV1_SIZE,NUM_LAYERS,OUTPUT_SIZE,EPOCHS
1.15878,1.16020043005826,1.15965,0.0005504300582599431,0.0006331488601631189,0.0016275992843960267,120,8,128,32,5,1,5
last_close,predict,target_value,residual,train_loss,test_loss,LOOKBACK,BATCH_SIZE,HIDDEN_SIZE,CONV1_SIZE,NUM_LAYERS,OUTPUT_SIZE,EPOCHS
1.15878,1.1576337256149214,1.15965,-0.0020162743850786757,0.0007688471921240634,0.0004729061837334202,120,8,128,32,6,1,5
last_close,predict,target_value,residual,train_loss,test_loss,LOOKBACK,BATCH_SIZE,HIDDEN_SIZE,CONV1_SIZE,NUM_LAYERS,OUTPUT_SIZE,EPOCHS
1.15878,1.159123082682807,1.15965,-0.0005269173171931207,0.00040852907313280025,0.00040331200145770615,120,16,128,32,1,1,5
last_close,predict,target_value,residual,train_loss,test_loss,LOOKBACK,BATCH_SIZE,HIDDEN_SIZE,CONV1_SIZE,NUM_LAYERS,OUTPUT_SIZE,EPOCHS
1.15878,1.158336078733108,1.15965,-0.0013139212668920042,0.00043367636608863415,0.0003986761402162441,120,16,128,32,2,1,5
last_close,predict,target_value,residual,train_loss,test_loss,LOOKBACK,BATCH_SIZE,HIDDEN_SIZE,CONV1_SIZE,NUM_LAYERS,OUTPUT_SIZE,EPOCHS
1.15878,1.158091887506821,1.15965,-0.0015581124931791646,0.0004788217644023664,0.00045867924913741613,120,16,128,32,3,1,5
last_close,predict,target_value,residual,train_loss,test_loss,LOOKBACK,BATCH_SIZE,HIDDEN_SIZE,CONV1_SIZE,NUM_LAYERS,OUTPUT_SIZE,EPOCHS
1.15878,1.1577304728164075,1.15965,-0.001919527183592562,0.0005065113210930037,0.0009751368772226553,120,16,128,32,4,1,5
last_close,predict,target_value,residual,train_loss,test_loss,LOOKBACK,BATCH_SIZE,HIDDEN_SIZE,CONV1_SIZE,NUM_LAYERS,OUTPUT_SIZE,EPOCHS
1.15878,1.1570473605291356,1.15965,-0.0026026394708644762,0.0006173279408943877,0.000574321584607764,120,16,128,32,5,1,5
last_close,predict,target_value,residual,train_loss,test_loss,LOOKBACK,BATCH_SIZE,HIDDEN_SIZE,CONV1_SIZE,NUM_LAYERS,OUTPUT_SIZE,EPOCHS
1.15878,1.1573685150790816,1.15965,-0.0022814849209185084,0.0008555262428356188,0.0005713207167271042,120,16,128,32,6,1,5
last_close,predict,target_value,residual,train_loss,test_loss,LOOKBACK,BATCH_SIZE,HIDDEN_SIZE,CONV1_SIZE,NUM_LAYERS,OUTPUT_SIZE,EPOCHS
1.15878,1.1585942975399508,1.15965,-0.0010557024600492682,0.00041220315593591114,0.00038567203167379677,120,32,128,32,1,1,5
last_close,predict,target_value,residual,train_loss,test_loss,LOOKBACK,BATCH_SIZE,HIDDEN_SIZE,CONV1_SIZE,NUM_LAYERS,OUTPUT_SIZE,EPOCHS
1.15878,1.158868767025647,1.15965,-0.0007812329743530633,0.0004227514675634565,0.00040195112036692595,120,32,128,32,2,1,5
last_close,predict,target_value,residual,train_loss,test_loss,LOOKBACK,BATCH_SIZE,HIDDEN_SIZE,CONV1_SIZE,NUM_LAYERS,OUTPUT_SIZE,EPOCHS
1.15878,1.1589262485413239,1.15965,-0.0007237514586762028,0.0004288556519604053,0.0003981721673624587,120,32,128,32,3,1,5
last_close,predict,target_value,residual,train_loss,test_loss,LOOKBACK,BATCH_SIZE,HIDDEN_SIZE,CONV1_SIZE,NUM_LAYERS,OUTPUT_SIZE,EPOCHS
1.15878,1.1581756355228414,1.15965,-0.0014743644771586517,0.0004906427215116544,0.0004880189143687648,120,32,128,32,4,1,5
last_close,predict,target_value,residual,train_loss,test_loss,LOOKBACK,BATCH_SIZE,HIDDEN_SIZE,CONV1_SIZE,NUM_LAYERS,OUTPUT_SIZE,EPOCHS
1.15878,1.1587401192121012,1.15965,-0.0009098807878988868,0.0006773347972021023,0.0005179016106688859,120,32,128,32,5,1,5
last_close,predict,target_value,residual,train_loss,test_loss,LOOKBACK,BATCH_SIZE,HIDDEN_SIZE,CONV1_SIZE,NUM_LAYERS,OUTPUT_SIZE,EPOCHS
1.15878,1.1582785293365672,1.15965,-0.0013714706634329055,0.0009317238487658197,0.0013292841398745226,120,32,128,32,6,1,5
last_close,predict,target_value,residual,train_loss,test_loss,LOOKBACK,BATCH_SIZE,HIDDEN_SIZE,CONV1_SIZE,NUM_LAYERS,OUTPUT_SIZE,EPOCHS
1.15878,1.1587332734269618,1.15965,-0.0009167265730383178,0.00044553519080345257,0.00040914162346803677,120,64,128,32,1,1,5
last_close,predict,target_value,residual,train_loss,test_loss,LOOKBACK,BATCH_SIZE,HIDDEN_SIZE,CONV1_SIZE,NUM_LAYERS,OUTPUT_SIZE,EPOCHS
1.15878,1.1587050519577333,1.15965,-0.0009449480422667467,0.00043725903856867284,0.0004766292178642172,120,64,128,32,2,1,5
last_close,predict,target_value,residual,train_loss,test_loss,LOOKBACK,BATCH_SIZE,HIDDEN_SIZE,CONV1_SIZE,NUM_LAYERS,OUTPUT_SIZE,EPOCHS
1.15878,1.1592559119575783,1.15965,-0.00039408804242180295,0.0004589378763623058,0.0004263063774254615,120,64,128,32,3,1,5
last_close,predict,target_value,residual,train_loss,test_loss,LOOKBACK,BATCH_SIZE,HIDDEN_SIZE,CONV1_SIZE,NUM_LAYERS,OUTPUT_SIZE,EPOCHS
1.15878,1.158706185568163,1.15965,-0.0009438144318369979,0.0004970459589085061,0.0004890446285478389,120,64,128,32,4,1,5
last_close,predict,target_value,residual,train_loss,test_loss,LOOKBACK,BATCH_SIZE,HIDDEN_SIZE,CONV1_SIZE,NUM_LAYERS,OUTPUT_SIZE,EPOCHS
1.15878,1.1573308988982687,1.15965,-0.002319101101731391,0.0006986173374081353,0.0006529620181819878,120,64,128,32,5,1,5
last_close,predict,target_value,residual,train_loss,test_loss,LOOKBACK,BATCH_SIZE,HIDDEN_SIZE,CONV1_SIZE,NUM_LAYERS,OUTPUT_SIZE,EPOCHS
1.15878,1.1594083350437574,1.15965,-0.00024166495624267093,0.0010982629521141718,0.0015649567044769914,120,64,128,32,6,1,5
last_close,predict,target_value,residual,train_loss,test_loss,LOOKBACK,BATCH_SIZE,HIDDEN_SIZE,CONV1_SIZE,NUM_LAYERS,OUTPUT_SIZE,EPOCHS
1.15878,1.1580863144878826,1.15965,-0.0015636855121174964,0.0005191939345446045,0.0004997097999782851,120,128,128,32,1,1,5
last_close,predict,target_value,residual,train_loss,test_loss,LOOKBACK,BATCH_SIZE,HIDDEN_SIZE,CONV1_SIZE,NUM_LAYERS,OUTPUT_SIZE,EPOCHS
1.15878,1.1590223712388605,1.15965,-0.0006276287611395315,0.0004735659828069262,0.0005165071219940168,120,128,128,32,2,1,5
last_close,predict,target_value,residual,train_loss,test_loss,LOOKBACK,BATCH_SIZE,HIDDEN_SIZE,CONV1_SIZE,NUM_LAYERS,OUTPUT_SIZE,EPOCHS
1.15878,1.1586922021101689,1.15965,-0.0009577978898311912,0.0004993274610919448,0.00044948453320942534,120,128,128,32,3,1,5
last_close,predict,target_value,residual,train_loss,test_loss,LOOKBACK,BATCH_SIZE,HIDDEN_SIZE,CONV1_SIZE,NUM_LAYERS,OUTPUT_SIZE,EPOCHS
1.15878,1.158714955775798,1.15965,-0.0009350442242019863,0.0005454017152190388,0.0005517653943314097,120,128,128,32,4,1,5
last_close,predict,target_value,residual,train_loss,test_loss,LOOKBACK,BATCH_SIZE,HIDDEN_SIZE,CONV1_SIZE,NUM_LAYERS,OUTPUT_SIZE,EPOCHS
1.15878,1.158529369493488,1.15965,-0.0011206305065121214,0.0007629596231056032,0.0006737435779098469,120,128,128,32,5,1,5
last_close,predict,target_value,residual,train_loss,test_loss,LOOKBACK,BATCH_SIZE,HIDDEN_SIZE,CONV1_SIZE,NUM_LAYERS,OUTPUT_SIZE,EPOCHS
1.15878,1.1604244810321838,1.15965,0.0007744810321836937,0.0012025221775939616,0.00130279631449435,120,128,128,32,6,1,5
last_close,predict,target_value,residual,train_loss,test_loss,LOOKBACK,BATCH_SIZE,HIDDEN_SIZE,CONV1_SIZE,NUM_LAYERS,OUTPUT_SIZE,EPOCHS
1.15878,1.1576448954111007,1.15965,-0.0020051045888993535,0.0008546975265907792,0.0006733657545947398,120,256,128,32,1,1,5
last_close,predict,target_value,residual,train_loss,test_loss,LOOKBACK,BATCH_SIZE,HIDDEN_SIZE,CONV1_SIZE,NUM_LAYERS,OUTPUT_SIZE,EPOCHS
1.15878,1.1590010973760676,1.15965,-0.000648902623932468,0.0006204208359868529,0.0006145373627077788,120,256,128,32,2,1,5
last_close,predict,target_value,residual,train_loss,test_loss,LOOKBACK,BATCH_SIZE,HIDDEN_SIZE,CONV1_SIZE,NUM_LAYERS,OUTPUT_SIZE,EPOCHS
1.15878,1.1570649077324924,1.15965,-0.0025850922675076937,0.0006060107315977056,0.0006251850543030275,120,256,128,32,3,1,5
last_close,predict,target_value,residual,train_loss,test_loss,LOOKBACK,BATCH_SIZE,HIDDEN_SIZE,CONV1_SIZE,NUM_LAYERS,OUTPUT_SIZE,EPOCHS
1.15878,1.1573410878159625,1.15965,-0.0023089121840376148,0.0007867609133543924,0.0006407367972991405,120,256,128,32,4,1,5
last_close,predict,target_value,residual,train_loss,test_loss,LOOKBACK,BATCH_SIZE,HIDDEN_SIZE,CONV1_SIZE,NUM_LAYERS,OUTPUT_SIZE,EPOCHS
1.15878,1.1582524936311611,1.15965,-0.0013975063688389522,0.0012035627509109103,0.0009351899736942962,120,256,128,32,5,1,5
last_close,predict,target_value,residual,train_loss,test_loss,LOOKBACK,BATCH_SIZE,HIDDEN_SIZE,CONV1_SIZE,NUM_LAYERS,OUTPUT_SIZE,EPOCHS
1.15878,1.158868834906511,1.15965,-0.0007811650934890224,0.0020843105866776733,0.0018049871119169088,120,256,128,32,6,1,5
last_close,predict,target_value,residual,train_loss,test_loss,LOOKBACK,BATCH_SIZE,HIDDEN_SIZE,CONV1_SIZE,NUM_LAYERS,OUTPUT_SIZE,EPOCHS
1.15878,1.1585498321799554,1.15965,-0.0011001678200446285,0.0011902674905752812,0.0006913347780937329,120,512,128,32,1,1,5
last_close,predict,target_value,residual,train_loss,test_loss,LOOKBACK,BATCH_SIZE,HIDDEN_SIZE,CONV1_SIZE,NUM_LAYERS,OUTPUT_SIZE,EPOCHS
1.15878,1.155998051344578,1.15965,-0.003651948655422066,0.0013721172693364609,0.0010273198189679534,120,512,128,32,2,1,5
last_close,predict,target_value,residual,train_loss,test_loss,LOOKBACK,BATCH_SIZE,HIDDEN_SIZE,CONV1_SIZE,NUM_LAYERS,OUTPUT_SIZE,EPOCHS
1.15878,1.1566656121258962,1.15965,-0.002984387874103822,0.001503266179217742,0.0007855218282202259,120,512,128,32,3,1,5
last_close,predict,target_value,residual,train_loss,test_loss,LOOKBACK,BATCH_SIZE,HIDDEN_SIZE,CONV1_SIZE,NUM_LAYERS,OUTPUT_SIZE,EPOCHS
1.15878,1.1559059268299339,1.15965,-0.0037440731700661978,0.0015890872485052126,0.001501906680641696,120,512,128,32,4,1,5
last_close,predict,target_value,residual,train_loss,test_loss,LOOKBACK,BATCH_SIZE,HIDDEN_SIZE,CONV1_SIZE,NUM_LAYERS,OUTPUT_SIZE,EPOCHS
1.15878,1.1590448398048607,1.15965,-0.0006051601951393426,0.003291699327886678,0.0013118873175699264,120,512,128,32,5,1,5
last_close,predict,target_value,residual,train_loss,test_loss,LOOKBACK,BATCH_SIZE,HIDDEN_SIZE,CONV1_SIZE,NUM_LAYERS,OUTPUT_SIZE,EPOCHS
1.15878,1.1307175723102472,1.15965,-0.028932427689752904,1.0448991243655865,0.821381688117981,120,512,128,32,6,1,5
last_close,predict,target_value,residual,train_loss,test_loss,LOOKBACK,BATCH_SIZE,HIDDEN_SIZE,CONV1_SIZE,NUM_LAYERS,OUTPUT_SIZE,EPOCHS
1.15878,1.1579154990815894,1.15965,-0.001734500918410653,0.00044477342236466725,0.00044332323081502765,120,8,128,64,1,1,5
last_close,predict,target_value,residual,train_loss,test_loss,LOOKBACK,BATCH_SIZE,HIDDEN_SIZE,CONV1_SIZE,NUM_LAYERS,OUTPUT_SIZE,EPOCHS
1.15878,1.1582195612299677,1.15965,-0.0014304387700323495,0.000470102149709998,0.00043941626747004317,120,8,128,64,2,1,5
last_close,predict,target_value,residual,train_loss,test_loss,LOOKBACK,BATCH_SIZE,HIDDEN_SIZE,CONV1_SIZE,NUM_LAYERS,OUTPUT_SIZE,EPOCHS
1.15878,1.1574047736426134,1.15965,-0.002245226357386665,0.0005035818170972962,0.0005392344070700428,120,8,128,64,3,1,5
last_close,predict,target_value,residual,train_loss,test_loss,LOOKBACK,BATCH_SIZE,HIDDEN_SIZE,CONV1_SIZE,NUM_LAYERS,OUTPUT_SIZE,EPOCHS
1.15878,1.1575759216651405,1.15965,-0.0020740783348596192,0.0005427486629254704,0.0005553589257100409,120,8,128,64,4,1,5
last_close,predict,target_value,residual,train_loss,test_loss,LOOKBACK,BATCH_SIZE,HIDDEN_SIZE,CONV1_SIZE,NUM_LAYERS,OUTPUT_SIZE,EPOCHS
1.15878,1.157892456922288,1.15965,-0.0017575430777121426,0.0006326307284179724,0.0006301076973847208,120,8,128,64,5,1,5
last_close,predict,target_value,residual,train_loss,test_loss,LOOKBACK,BATCH_SIZE,HIDDEN_SIZE,CONV1_SIZE,NUM_LAYERS,OUTPUT_SIZE,EPOCHS
1.15878,1.1563123974438598,1.15965,-0.00333760255614024,0.0007667106880934419,0.0007872407299330084,120,8,128,64,6,1,5
last_close,predict,target_value,residual,train_loss,test_loss,LOOKBACK,BATCH_SIZE,HIDDEN_SIZE,CONV1_SIZE,NUM_LAYERS,OUTPUT_SIZE,EPOCHS
1.15878,1.1579123833499294,1.15965,-0.0017376166500706614,0.0004217253496193028,0.0004841361264413699,120,16,128,64,1,1,5
last_close,predict,target_value,residual,train_loss,test_loss,LOOKBACK,BATCH_SIZE,HIDDEN_SIZE,CONV1_SIZE,NUM_LAYERS,OUTPUT_SIZE,EPOCHS
1.15878,1.1582436080260572,1.15965,-0.0014063919739428776,0.0004244455866454698,0.0004421939220614709,120,16,128,64,2,1,5
last_close,predict,target_value,residual,train_loss,test_loss,LOOKBACK,BATCH_SIZE,HIDDEN_SIZE,CONV1_SIZE,NUM_LAYERS,OUTPUT_SIZE,EPOCHS
1.15878,1.157792193492044,1.15965,-0.0018578065079559725,0.00045298208925154105,0.0005019284758884915,120,16,128,64,3,1,5
last_close,predict,target_value,residual,train_loss,test_loss,LOOKBACK,BATCH_SIZE,HIDDEN_SIZE,CONV1_SIZE,NUM_LAYERS,OUTPUT_SIZE,EPOCHS
1.15878,1.158143405688591,1.15965,-0.001506594311408982,0.0005166122670372552,0.0005982892144880353,120,16,128,64,4,1,5
last_close,predict,target_value,residual,train_loss,test_loss,LOOKBACK,BATCH_SIZE,HIDDEN_SIZE,CONV1_SIZE,NUM_LAYERS,OUTPUT_SIZE,EPOCHS
1.15878,1.1568288214813727,1.15965,-0.0028211785186273985,0.0006228264237353501,0.0006024629706072842,120,16,128,64,5,1,5
last_close,predict,target_value,residual,train_loss,test_loss,LOOKBACK,BATCH_SIZE,HIDDEN_SIZE,CONV1_SIZE,NUM_LAYERS,OUTPUT_SIZE,EPOCHS
1.15878,1.1570891819294764,1.15965,-0.0025608180705236627,0.0007952810724320207,0.0005793036617106759,120,16,128,64,6,1,5
last_close,predict,target_value,residual,train_loss,test_loss,LOOKBACK,BATCH_SIZE,HIDDEN_SIZE,CONV1_SIZE,NUM_LAYERS,OUTPUT_SIZE,EPOCHS
1.15878,1.1590369350782423,1.15965,-0.0006130649217577222,0.00041449544442177707,0.00042510487618038984,120,32,128,64,1,1,5
last_close,predict,target_value,residual,train_loss,test_loss,LOOKBACK,BATCH_SIZE,HIDDEN_SIZE,CONV1_SIZE,NUM_LAYERS,OUTPUT_SIZE,EPOCHS
1.15878,1.1581777941343183,1.15965,-0.0014722058656817527,0.0004250799318305112,0.00048559781507953093,120,32,128,64,2,1,5
last_close,predict,target_value,residual,train_loss,test_loss,LOOKBACK,BATCH_SIZE,HIDDEN_SIZE,CONV1_SIZE,NUM_LAYERS,OUTPUT_SIZE,EPOCHS
1.15878,1.1583904207588225,1.15965,-0.0012595792411775886,0.0004379795971992627,0.00048411537206378014,120,32,128,64,3,1,5
last_close,predict,target_value,residual,train_loss,test_loss,LOOKBACK,BATCH_SIZE,HIDDEN_SIZE,CONV1_SIZE,NUM_LAYERS,OUTPUT_SIZE,EPOCHS
1.15878,1.1578051723132503,1.15965,-0.0018448276867497615,0.0004898747614738994,0.0005174219896640026,120,32,128,64,4,1,5
last_close,predict,target_value,residual,train_loss,test_loss,LOOKBACK,BATCH_SIZE,HIDDEN_SIZE,CONV1_SIZE,NUM_LAYERS,OUTPUT_SIZE,EPOCHS
1.15878,1.1573917167584136,1.15965,-0.0022582832415865006,0.0006426915158752916,0.0006606908475357789,120,32,128,64,5,1,5
last_close,predict,target_value,residual,train_loss,test_loss,LOOKBACK,BATCH_SIZE,HIDDEN_SIZE,CONV1_SIZE,NUM_LAYERS,OUTPUT_SIZE,EPOCHS
1.15878,1.1582113612215905,1.15965,-0.0014386387784095511,0.0009001652053634822,0.000679207589434018,120,32,128,64,6,1,5
last_close,predict,target_value,residual,train_loss,test_loss,LOOKBACK,BATCH_SIZE,HIDDEN_SIZE,CONV1_SIZE,NUM_LAYERS,OUTPUT_SIZE,EPOCHS
1.15878,1.158811217629106,1.15965,-0.0008387823708939646,0.00045535542430559127,0.0004964945102797057,120,64,128,64,1,1,5
last_close,predict,target_value,residual,train_loss,test_loss,LOOKBACK,BATCH_SIZE,HIDDEN_SIZE,CONV1_SIZE,NUM_LAYERS,OUTPUT_SIZE,EPOCHS
1.15878,1.1582243230725808,1.15965,-0.0014256769274192393,0.00044460925693830434,0.0005089984500582198,120,64,128,64,2,1,5
last_close,predict,target_value,residual,train_loss,test_loss,LOOKBACK,BATCH_SIZE,HIDDEN_SIZE,CONV1_SIZE,NUM_LAYERS,OUTPUT_SIZE,EPOCHS
1.15878,1.1580281032529172,1.15965,-0.001621896747082907,0.00046450806710195955,0.00047324002093190735,120,64,128,64,3,1,5
last_close,predict,target_value,residual,train_loss,test_loss,LOOKBACK,BATCH_SIZE,HIDDEN_SIZE,CONV1_SIZE,NUM_LAYERS,OUTPUT_SIZE,EPOCHS
1.15878,1.1580565453349538,1.15965,-0.0015934546650462345,0.0005011275831211839,0.00048297779871156823,120,64,128,64,4,1,5
last_close,predict,target_value,residual,train_loss,test_loss,LOOKBACK,BATCH_SIZE,HIDDEN_SIZE,CONV1_SIZE,NUM_LAYERS,OUTPUT_SIZE,EPOCHS
1.15878,1.1580089947896874,1.15965,-0.0016410052103126294,0.0006862435962037311,0.0007428951251383226,120,64,128,64,5,1,5
last_close,predict,target_value,residual,train_loss,test_loss,LOOKBACK,BATCH_SIZE,HIDDEN_SIZE,CONV1_SIZE,NUM_LAYERS,OUTPUT_SIZE,EPOCHS
1.15878,1.1583809106497693,1.15965,-0.0012690893502307343,0.0009978482034617069,0.0008593959058858813,120,64,128,64,6,1,5
last_close,predict,target_value,residual,train_loss,test_loss,LOOKBACK,BATCH_SIZE,HIDDEN_SIZE,CONV1_SIZE,NUM_LAYERS,OUTPUT_SIZE,EPOCHS
1.15878,1.158715973988759,1.15965,-0.0009340260112411514,0.000551823184277731,0.0005741922273628939,120,128,128,64,1,1,5
last_close,predict,target_value,residual,train_loss,test_loss,LOOKBACK,BATCH_SIZE,HIDDEN_SIZE,CONV1_SIZE,NUM_LAYERS,OUTPUT_SIZE,EPOCHS
1.15878,1.1591382472678355,1.15965,-0.0005117527321645277,0.0005377949752679948,0.0005674917080726188,120,128,128,64,2,1,5
last_close,predict,target_value,residual,train_loss,test_loss,LOOKBACK,BATCH_SIZE,HIDDEN_SIZE,CONV1_SIZE,NUM_LAYERS,OUTPUT_SIZE,EPOCHS
1.15878,1.1575625593170524,1.15965,-0.002087440682947639,0.0005352014344773637,0.000612367645282155,120,128,128,64,3,1,5
last_close,predict,target_value,residual,train_loss,test_loss,LOOKBACK,BATCH_SIZE,HIDDEN_SIZE,CONV1_SIZE,NUM_LAYERS,OUTPUT_SIZE,EPOCHS
1.15878,1.157699315499809,1.15965,-0.001950684500191091,0.0005420652826918134,0.0005807139942846381,120,128,128,64,4,1,5
last_close,predict,target_value,residual,train_loss,test_loss,LOOKBACK,BATCH_SIZE,HIDDEN_SIZE,CONV1_SIZE,NUM_LAYERS,OUTPUT_SIZE,EPOCHS
1.15878,1.1581604777258994,1.15965,-0.0014895222741007075,0.0007872934302446457,0.0007855892457509747,120,128,128,64,5,1,5
last_close,predict,target_value,residual,train_loss,test_loss,LOOKBACK,BATCH_SIZE,HIDDEN_SIZE,CONV1_SIZE,NUM_LAYERS,OUTPUT_SIZE,EPOCHS
1.15878,1.1596890801153348,1.15965,3.9080115334710896e-05,0.00124449552001748,0.0011858682727250152,120,128,128,64,6,1,5
last_close,predict,target_value,residual,train_loss,test_loss,LOOKBACK,BATCH_SIZE,HIDDEN_SIZE,CONV1_SIZE,NUM_LAYERS,OUTPUT_SIZE,EPOCHS
1.15878,1.158796531604169,1.15965,-0.000853468395831003,0.0006836916647257451,0.0006740419776178896,120,256,128,64,1,1,5
last_close,predict,target_value,residual,train_loss,test_loss,LOOKBACK,BATCH_SIZE,HIDDEN_SIZE,CONV1_SIZE,NUM_LAYERS,OUTPUT_SIZE,EPOCHS
1.15878,1.1576206178200736,1.15965,-0.002029382179926431,0.0007103053089499903,0.0007267923986849686,120,256,128,64,2,1,5
last_close,predict,target_value,residual,train_loss,test_loss,LOOKBACK,BATCH_SIZE,HIDDEN_SIZE,CONV1_SIZE,NUM_LAYERS,OUTPUT_SIZE,EPOCHS
1.15878,1.1586095198237139,1.15965,-0.0010404801762862181,0.000680341505824636,0.0005709926093307635,120,256,128,64,3,1,5
last_close,predict,target_value,residual,train_loss,test_loss,LOOKBACK,BATCH_SIZE,HIDDEN_SIZE,CONV1_SIZE,NUM_LAYERS,OUTPUT_SIZE,EPOCHS
1.15878,1.1590835828080168,1.15965,-0.0005664171919832484,0.0007530184162673182,0.0007646309856611949,120,256,128,64,4,1,5
last_close,predict,target_value,residual,train_loss,test_loss,LOOKBACK,BATCH_SIZE,HIDDEN_SIZE,CONV1_SIZE,NUM_LAYERS,OUTPUT_SIZE,EPOCHS
1.15878,1.1581548979188745,1.15965,-0.0014951020811255766,0.001007409021556855,0.0010539715399201482,120,256,128,64,5,1,5
last_close,predict,target_value,residual,train_loss,test_loss,LOOKBACK,BATCH_SIZE,HIDDEN_SIZE,CONV1_SIZE,NUM_LAYERS,OUTPUT_SIZE,EPOCHS
1.15878,1.1596756464923395,1.15965,2.5646492339381766e-05,0.0016681208276751046,0.0015078578144311905,120,256,128,64,6,1,5
last_close,predict,target_value,residual,train_loss,test_loss,LOOKBACK,BATCH_SIZE,HIDDEN_SIZE,CONV1_SIZE,NUM_LAYERS,OUTPUT_SIZE,EPOCHS
1.15878,1.1582322922860202,1.15965,-0.0014177077139798655,0.001050926332260506,0.0009180863184155896,120,512,128,64,1,1,5
last_close,predict,target_value,residual,train_loss,test_loss,LOOKBACK,BATCH_SIZE,HIDDEN_SIZE,CONV1_SIZE,NUM_LAYERS,OUTPUT_SIZE,EPOCHS
1.15878,1.1574149286198752,1.15965,-0.002235071380124909,0.0010461850444045968,0.0008071299351286143,120,512,128,64,2,1,5
last_close,predict,target_value,residual,train_loss,test_loss,LOOKBACK,BATCH_SIZE,HIDDEN_SIZE,CONV1_SIZE,NUM_LAYERS,OUTPUT_SIZE,EPOCHS
1.15878,1.1552353148037766,1.15965,-0.004414685196223456,0.0012917133407870259,0.0013369990279898047,120,512,128,64,3,1,5
last_close,predict,target_value,residual,train_loss,test_loss,LOOKBACK,BATCH_SIZE,HIDDEN_SIZE,CONV1_SIZE,NUM_LAYERS,OUTPUT_SIZE,EPOCHS
1.15878,1.1560163520255258,1.15965,-0.0036336479744742967,0.0017999767994460387,0.0011903813283424824,120,512,128,64,4,1,5
last_close,predict,target_value,residual,train_loss,test_loss,LOOKBACK,BATCH_SIZE,HIDDEN_SIZE,CONV1_SIZE,NUM_LAYERS,OUTPUT_SIZE,EPOCHS
1.15878,1.159273527041799,1.15965,-0.0003764729582009796,0.003353934105222997,0.0020019991497974843,120,512,128,64,5,1,5
last_close,predict,target_value,residual,train_loss,test_loss,LOOKBACK,BATCH_SIZE,HIDDEN_SIZE,CONV1_SIZE,NUM_LAYERS,OUTPUT_SIZE,EPOCHS
1.15878,1.1625564764221519,1.15965,0.0029064764221518047,0.021623020848402612,0.0037598425289615987,120,512,128,64,6,1,5
last_close,predict,target_value,residual,train_loss,test_loss,LOOKBACK,BATCH_SIZE,HIDDEN_SIZE,CONV1_SIZE,NUM_LAYERS,OUTPUT_SIZE,EPOCHS
1.15878,1.158427561773587,1.15965,-0.0012224382264129918,0.0004668479042011065,0.0006211935425099123,120,8,128,128,1,1,5
last_close,predict,target_value,residual,train_loss,test_loss,LOOKBACK,BATCH_SIZE,HIDDEN_SIZE,CONV1_SIZE,NUM_LAYERS,OUTPUT_SIZE,EPOCHS
1.15878,1.1588338185627913,1.15965,-0.0008161814372087406,0.00046958008654226493,0.0004136742216793521,120,8,128,128,2,1,5
last_close,predict,target_value,residual,train_loss,test_loss,LOOKBACK,BATCH_SIZE,HIDDEN_SIZE,CONV1_SIZE,NUM_LAYERS,OUTPUT_SIZE,EPOCHS
1.15878,1.1579552976321814,1.15965,-0.0016947023678186568,0.0005084990082815817,0.0005417628857081587,120,8,128,128,3,1,5
last_close,predict,target_value,residual,train_loss,test_loss,LOOKBACK,BATCH_SIZE,HIDDEN_SIZE,CONV1_SIZE,NUM_LAYERS,OUTPUT_SIZE,EPOCHS
1.15878,1.157685420286938,1.15965,-0.0019645797130620757,0.0005500206413260198,0.0004612778999696881,120,8,128,128,4,1,5
last_close,predict,target_value,residual,train_loss,test_loss,LOOKBACK,BATCH_SIZE,HIDDEN_SIZE,CONV1_SIZE,NUM_LAYERS,OUTPUT_SIZE,EPOCHS
1.15878,1.1567258326344374,1.15965,-0.0029241673655626688,0.0006415537731133701,0.0006147015477779359,120,8,128,128,5,1,5
last_close,predict,target_value,residual,train_loss,test_loss,LOOKBACK,BATCH_SIZE,HIDDEN_SIZE,CONV1_SIZE,NUM_LAYERS,OUTPUT_SIZE,EPOCHS
1.15878,1.1568580713456915,1.15965,-0.002791928654308551,0.0007559593335248859,0.0006839639206031624,120,8,128,128,6,1,5
last_close,predict,target_value,residual,train_loss,test_loss,LOOKBACK,BATCH_SIZE,HIDDEN_SIZE,CONV1_SIZE,NUM_LAYERS,OUTPUT_SIZE,EPOCHS
1.15878,1.158048382661052,1.15965,-0.001601617338948147,0.00043538760610427096,0.0005806920341444474,120,16,128,128,1,1,5
last_close,predict,target_value,residual,train_loss,test_loss,LOOKBACK,BATCH_SIZE,HIDDEN_SIZE,CONV1_SIZE,NUM_LAYERS,OUTPUT_SIZE,EPOCHS
1.15878,1.1581833433949542,1.15965,-0.0014666566050458574,0.0004392901952851768,0.00045583927144667914,120,16,128,128,2,1,5
last_close,predict,target_value,residual,train_loss,test_loss,LOOKBACK,BATCH_SIZE,HIDDEN_SIZE,CONV1_SIZE,NUM_LAYERS,OUTPUT_SIZE,EPOCHS
1.15878,1.1571992982671369,1.15965,-0.002450701732863214,0.0004698288794432581,0.000606429335034474,120,16,128,128,3,1,5
last_close,predict,target_value,residual,train_loss,test_loss,LOOKBACK,BATCH_SIZE,HIDDEN_SIZE,CONV1_SIZE,NUM_LAYERS,OUTPUT_SIZE,EPOCHS
1.15878,1.1582904254579918,1.15965,-0.0013595745420083016,0.0005344216573278404,0.0006416591344392286,120,16,128,128,4,1,5
last_close,predict,target_value,residual,train_loss,test_loss,LOOKBACK,BATCH_SIZE,HIDDEN_SIZE,CONV1_SIZE,NUM_LAYERS,OUTPUT_SIZE,EPOCHS
1.15878,1.1562136613330574,1.15965,-0.0034363386669427065,0.0006265841624329376,0.0007514897820095565,120,16,128,128,5,1,5
last_close,predict,target_value,residual,train_loss,test_loss,LOOKBACK,BATCH_SIZE,HIDDEN_SIZE,CONV1_SIZE,NUM_LAYERS,OUTPUT_SIZE,EPOCHS
1.15878,1.1564855784982653,1.15965,-0.003164421501734793,0.0008078140124994903,0.0007995859436610212,120,16,128,128,6,1,5
last_close,predict,target_value,residual,train_loss,test_loss,LOOKBACK,BATCH_SIZE,HIDDEN_SIZE,CONV1_SIZE,NUM_LAYERS,OUTPUT_SIZE,EPOCHS
1.15878,1.1585645860857565,1.15965,-0.0010854139142435493,0.0004458530038756146,0.000588757682168925,120,32,128,128,1,1,5
last_close,predict,target_value,residual,train_loss,test_loss,LOOKBACK,BATCH_SIZE,HIDDEN_SIZE,CONV1_SIZE,NUM_LAYERS,OUTPUT_SIZE,EPOCHS
1.15878,1.1578771939100063,1.15965,-0.0017728060899937503,0.0004423737631420905,0.0006430978795926934,120,32,128,128,2,1,5
last_close,predict,target_value,residual,train_loss,test_loss,LOOKBACK,BATCH_SIZE,HIDDEN_SIZE,CONV1_SIZE,NUM_LAYERS,OUTPUT_SIZE,EPOCHS
1.15878,1.157657154695148,1.15965,-0.001992845304852109,0.0004616859990149496,0.000572570186565057,120,32,128,128,3,1,5
last_close,predict,target_value,residual,train_loss,test_loss,LOOKBACK,BATCH_SIZE,HIDDEN_SIZE,CONV1_SIZE,NUM_LAYERS,OUTPUT_SIZE,EPOCHS
1.15878,1.1575043582642166,1.15965,-0.0021456417357834656,0.000512106220354186,0.0006718025824505811,120,32,128,128,4,1,5
last_close,predict,target_value,residual,train_loss,test_loss,LOOKBACK,BATCH_SIZE,HIDDEN_SIZE,CONV1_SIZE,NUM_LAYERS,OUTPUT_SIZE,EPOCHS
1.15878,1.1568286483851695,1.15965,-0.0028213516148305473,0.0006441802560860021,0.0006719023725823858,120,32,128,128,5,1,5
last_close,predict,target_value,residual,train_loss,test_loss,LOOKBACK,BATCH_SIZE,HIDDEN_SIZE,CONV1_SIZE,NUM_LAYERS,OUTPUT_SIZE,EPOCHS
1.15878,1.1556399017237253,1.15965,-0.004010098276274743,0.0009003879247249516,0.0013285566581031068,120,32,128,128,6,1,5
last_close,predict,target_value,residual,train_loss,test_loss,LOOKBACK,BATCH_SIZE,HIDDEN_SIZE,CONV1_SIZE,NUM_LAYERS,OUTPUT_SIZE,EPOCHS
1.15878,1.157763724257662,1.15965,-0.0018862757423381282,0.0004826383313066356,0.0006987569679786714,120,64,128,128,1,1,5
last_close,predict,target_value,residual,train_loss,test_loss,LOOKBACK,BATCH_SIZE,HIDDEN_SIZE,CONV1_SIZE,NUM_LAYERS,OUTPUT_SIZE,EPOCHS
1.15878,1.1574103636317679,1.15965,-0.002239636368232212,0.0004781048208268401,0.0007682910221867645,120,64,128,128,2,1,5
last_close,predict,target_value,residual,train_loss,test_loss,LOOKBACK,BATCH_SIZE,HIDDEN_SIZE,CONV1_SIZE,NUM_LAYERS,OUTPUT_SIZE,EPOCHS
1.15878,1.1580310492824168,1.15965,-0.001618950717583223,0.0004726360241012373,0.0005906831110433603,120,64,128,128,3,1,5
last_close,predict,target_value,residual,train_loss,test_loss,LOOKBACK,BATCH_SIZE,HIDDEN_SIZE,CONV1_SIZE,NUM_LAYERS,OUTPUT_SIZE,EPOCHS
1.15878,1.1574347498321775,1.15965,-0.0022152501678225356,0.0005270692106419936,0.0005557248029314602,120,64,128,128,4,1,5
last_close,predict,target_value,residual,train_loss,test_loss,LOOKBACK,BATCH_SIZE,HIDDEN_SIZE,CONV1_SIZE,NUM_LAYERS,OUTPUT_SIZE,EPOCHS
1.15878,1.1560937599688441,1.15965,-0.003556240031155955,0.0006694394345779587,0.0008368693801084867,120,64,128,128,5,1,5
last_close,predict,target_value,residual,train_loss,test_loss,LOOKBACK,BATCH_SIZE,HIDDEN_SIZE,CONV1_SIZE,NUM_LAYERS,OUTPUT_SIZE,EPOCHS
1.15878,1.1577204434187442,1.15965,-0.0019295565812558202,0.0009539262945718991,0.0010905902264102434,120,64,128,128,6,1,5
last_close,predict,target_value,residual,train_loss,test_loss,LOOKBACK,BATCH_SIZE,HIDDEN_SIZE,CONV1_SIZE,NUM_LAYERS,OUTPUT_SIZE,EPOCHS
1.15878,1.158082635345051,1.15965,-0.0015673646549489995,0.0005432209908553304,0.0007450834053974503,120,128,128,128,1,1,5
last_close,predict,target_value,residual,train_loss,test_loss,LOOKBACK,BATCH_SIZE,HIDDEN_SIZE,CONV1_SIZE,NUM_LAYERS,OUTPUT_SIZE,EPOCHS
1.15878,1.1594967261108788,1.15965,-0.0001532738891212304,0.0005318306397478012,0.0006280256590495507,120,128,128,128,2,1,5
last_close,predict,target_value,residual,train_loss,test_loss,LOOKBACK,BATCH_SIZE,HIDDEN_SIZE,CONV1_SIZE,NUM_LAYERS,OUTPUT_SIZE,EPOCHS
1.15878,1.1569971320837824,1.15965,-0.0026528679162176605,0.0005608022275294225,0.0009106183301460427,120,128,128,128,3,1,5
last_close,predict,target_value,residual,train_loss,test_loss,LOOKBACK,BATCH_SIZE,HIDDEN_SIZE,CONV1_SIZE,NUM_LAYERS,OUTPUT_SIZE,EPOCHS
1.15878,1.1571332977030218,1.15965,-0.0025167022969783126,0.0006052170229407075,0.0007591872470071301,120,128,128,128,4,1,5
last_close,predict,target_value,residual,train_loss,test_loss,LOOKBACK,BATCH_SIZE,HIDDEN_SIZE,CONV1_SIZE,NUM_LAYERS,OUTPUT_SIZE,EPOCHS
1.15878,1.1580808704425858,1.15965,-0.0015691295574142838,0.0007706673642156275,0.0007054878739066995,120,128,128,128,5,1,5
last_close,predict,target_value,residual,train_loss,test_loss,LOOKBACK,BATCH_SIZE,HIDDEN_SIZE,CONV1_SIZE,NUM_LAYERS,OUTPUT_SIZE,EPOCHS
1.15878,1.158420790657398,1.15965,-0.0012292093426020667,0.0011170285777039586,0.001061073073800892,120,128,128,128,6,1,5
last_close,predict,target_value,residual,train_loss,test_loss,LOOKBACK,BATCH_SIZE,HIDDEN_SIZE,CONV1_SIZE,NUM_LAYERS,OUTPUT_SIZE,EPOCHS
1.15878,1.1597016923798753,1.15965,5.169237987523445e-05,0.0008049534049067192,0.000945076750866018,120,256,128,128,1,1,5
last_close,predict,target_value,residual,train_loss,test_loss,LOOKBACK,BATCH_SIZE,HIDDEN_SIZE,CONV1_SIZE,NUM_LAYERS,OUTPUT_SIZE,EPOCHS
1.15878,1.158511316577694,1.15965,-0.0011386834223061637,0.00075554118405144,0.0007564003283802706,120,256,128,128,2,1,5
last_close,predict,target_value,residual,train_loss,test_loss,LOOKBACK,BATCH_SIZE,HIDDEN_SIZE,CONV1_SIZE,NUM_LAYERS,OUTPUT_SIZE,EPOCHS
1.15878,1.157579787480348,1.15965,-0.002070212519652115,0.0007269231924184192,0.0007571255256875586,120,256,128,128,3,1,5
last_close,predict,target_value,residual,train_loss,test_loss,LOOKBACK,BATCH_SIZE,HIDDEN_SIZE,CONV1_SIZE,NUM_LAYERS,OUTPUT_SIZE,EPOCHS
1.15878,1.1571534752898605,1.15965,-0.0024965247101396137,0.0007770960215473166,0.0009662347983043545,120,256,128,128,4,1,5
last_close,predict,target_value,residual,train_loss,test_loss,LOOKBACK,BATCH_SIZE,HIDDEN_SIZE,CONV1_SIZE,NUM_LAYERS,OUTPUT_SIZE,EPOCHS
1.15878,1.1580869899024797,1.15965,-0.0015630100975203565,0.0009738166987424334,0.000996233881988491,120,256,128,128,5,1,5
last_close,predict,target_value,residual,train_loss,test_loss,LOOKBACK,BATCH_SIZE,HIDDEN_SIZE,CONV1_SIZE,NUM_LAYERS,OUTPUT_SIZE,EPOCHS
1.15878,1.16024780411328,1.15965,0.0005978041132799206,0.0014707246237100125,0.001569451826911133,120,256,128,128,6,1,5
last_close,predict,target_value,residual,train_loss,test_loss,LOOKBACK,BATCH_SIZE,HIDDEN_SIZE,CONV1_SIZE,NUM_LAYERS,OUTPUT_SIZE,EPOCHS
1.15878,1.1572171645105545,1.15965,-0.0024328354894456172,0.0011581359819198649,0.0013388483930611983,120,512,128,128,1,1,5
last_close,predict,target_value,residual,train_loss,test_loss,LOOKBACK,BATCH_SIZE,HIDDEN_SIZE,CONV1_SIZE,NUM_LAYERS,OUTPUT_SIZE,EPOCHS
1.15878,1.156866312082587,1.15965,-0.0027836879174130136,0.0011542446885962421,0.0013129072613082826,120,512,128,128,2,1,5
last_close,predict,target_value,residual,train_loss,test_loss,LOOKBACK,BATCH_SIZE,HIDDEN_SIZE,CONV1_SIZE,NUM_LAYERS,OUTPUT_SIZE,EPOCHS
1.15878,1.1578162911987815,1.15965,-0.001833708801218581,0.0010265411446408297,0.0007915767433587462,120,512,128,128,3,1,5
last_close,predict,target_value,residual,train_loss,test_loss,LOOKBACK,BATCH_SIZE,HIDDEN_SIZE,CONV1_SIZE,NUM_LAYERS,OUTPUT_SIZE,EPOCHS
1.15878,1.1574670407592056,1.15965,-0.0021829592407944798,0.00132003264913622,0.0012655317434109748,120,512,128,128,4,1,5
last_close,predict,target_value,residual,train_loss,test_loss,LOOKBACK,BATCH_SIZE,HIDDEN_SIZE,CONV1_SIZE,NUM_LAYERS,OUTPUT_SIZE,EPOCHS
1.15878,1.1583467529989797,1.15965,-0.0013032470010203578,0.0017629119445187731,0.0011627397499978543,120,512,128,128,5,1,5
last_close,predict,target_value,residual,train_loss,test_loss,LOOKBACK,BATCH_SIZE,HIDDEN_SIZE,CONV1_SIZE,NUM_LAYERS,OUTPUT_SIZE,EPOCHS
1.15878,1.1556140526906955,1.15965,-0.004035947309304566,0.010059990293274704,0.004495686339214444,120,512,128,128,6,1,5
last_close,predict,target_value,residual,train_loss,test_loss,LOOKBACK,BATCH_SIZE,HIDDEN_SIZE,CONV1_SIZE,NUM_LAYERS,OUTPUT_SIZE,EPOCHS
1.15878,1.1590508812017613,1.15965,-0.000599118798238818,0.000444058988720681,0.00038645556602816223,120,8,256,32,1,1,5
last_close,predict,target_value,residual,train_loss,test_loss,LOOKBACK,BATCH_SIZE,HIDDEN_SIZE,CONV1_SIZE,NUM_LAYERS,OUTPUT_SIZE,EPOCHS
1.15878,1.158769772967561,1.15965,-0.0008802270324390626,0.0004391477469679074,0.00041025774561061706,120,8,256,32,2,1,5
last_close,predict,target_value,residual,train_loss,test_loss,LOOKBACK,BATCH_SIZE,HIDDEN_SIZE,CONV1_SIZE,NUM_LAYERS,OUTPUT_SIZE,EPOCHS
1.15878,1.1585711874997853,1.15965,-0.0010788125002147986,0.00047013825709218916,0.0004020595148116847,120,8,256,32,3,1,5
last_close,predict,target_value,residual,train_loss,test_loss,LOOKBACK,BATCH_SIZE,HIDDEN_SIZE,CONV1_SIZE,NUM_LAYERS,OUTPUT_SIZE,EPOCHS
1.15878,1.1596488199748674,1.15965,-1.1800251327187539e-06,0.0005185081510364278,0.0005703022511541147,120,8,256,32,4,1,5
last_close,predict,target_value,residual,train_loss,test_loss,LOOKBACK,BATCH_SIZE,HIDDEN_SIZE,CONV1_SIZE,NUM_LAYERS,OUTPUT_SIZE,EPOCHS
1.15878,1.1581049953016689,1.15965,-0.0015450046983311871,0.0005970193197231329,0.0008063899494371315,120,8,256,32,5,1,5
last_close,predict,target_value,residual,train_loss,test_loss,LOOKBACK,BATCH_SIZE,HIDDEN_SIZE,CONV1_SIZE,NUM_LAYERS,OUTPUT_SIZE,EPOCHS
1.15878,1.1581828444706035,1.15965,-0.00146715552939658,0.0007198577351223025,0.00046451132554868184,120,8,256,32,6,1,5
last_close,predict,target_value,residual,train_loss,test_loss,LOOKBACK,BATCH_SIZE,HIDDEN_SIZE,CONV1_SIZE,NUM_LAYERS,OUTPUT_SIZE,EPOCHS
1.15878,1.1591226720035794,1.15965,-0.0005273279964206345,0.00040859401640207314,0.0003619620720609162,120,16,256,32,1,1,5
last_close,predict,target_value,residual,train_loss,test_loss,LOOKBACK,BATCH_SIZE,HIDDEN_SIZE,CONV1_SIZE,NUM_LAYERS,OUTPUT_SIZE,EPOCHS
1.15878,1.1584942988450768,1.15965,-0.0011557011549232499,0.000406676368854016,0.00040510890265721124,120,16,256,32,2,1,5
last_close,predict,target_value,residual,train_loss,test_loss,LOOKBACK,BATCH_SIZE,HIDDEN_SIZE,CONV1_SIZE,NUM_LAYERS,OUTPUT_SIZE,EPOCHS
1.15878,1.1582704549077885,1.15965,-0.0013795450922116093,0.0004406046820130561,0.00037363301657350326,120,16,256,32,3,1,5
last_close,predict,target_value,residual,train_loss,test_loss,LOOKBACK,BATCH_SIZE,HIDDEN_SIZE,CONV1_SIZE,NUM_LAYERS,OUTPUT_SIZE,EPOCHS
1.15878,1.1578636720418878,1.15965,-0.0017863279581122882,0.0004803288401735925,0.0003916697493050145,120,16,256,32,4,1,5
last_close,predict,target_value,residual,train_loss,test_loss,LOOKBACK,BATCH_SIZE,HIDDEN_SIZE,CONV1_SIZE,NUM_LAYERS,OUTPUT_SIZE,EPOCHS
1.15878,1.1573011976262042,1.15965,-0.0023488023737958663,0.0005812898162389957,0.0006337590007555824,120,16,256,32,5,1,5
last_close,predict,target_value,residual,train_loss,test_loss,LOOKBACK,BATCH_SIZE,HIDDEN_SIZE,CONV1_SIZE,NUM_LAYERS,OUTPUT_SIZE,EPOCHS
1.15878,1.1587958188550966,1.15965,-0.000854181144903432,0.0007707027286896911,0.000602126432066796,120,16,256,32,6,1,5
last_close,predict,target_value,residual,train_loss,test_loss,LOOKBACK,BATCH_SIZE,HIDDEN_SIZE,CONV1_SIZE,NUM_LAYERS,OUTPUT_SIZE,EPOCHS
1.15878,1.158575206046937,1.15965,-0.0010747939530630912,0.0004057588406679584,0.00039437622469379747,120,32,256,32,1,1,5
last_close,predict,target_value,residual,train_loss,test_loss,LOOKBACK,BATCH_SIZE,HIDDEN_SIZE,CONV1_SIZE,NUM_LAYERS,OUTPUT_SIZE,EPOCHS
1.15878,1.1587472059743078,1.15965,-0.0009027940256922662,0.0004121395581382373,0.0003950800540060766,120,32,256,32,2,1,5
last_close,predict,target_value,residual,train_loss,test_loss,LOOKBACK,BATCH_SIZE,HIDDEN_SIZE,CONV1_SIZE,NUM_LAYERS,OUTPUT_SIZE,EPOCHS
1.15878,1.1586945100595465,1.15965,-0.0009554899404535799,0.0004090722797384076,0.0004250407008116898,120,32,256,32,3,1,5
last_close,predict,target_value,residual,train_loss,test_loss,LOOKBACK,BATCH_SIZE,HIDDEN_SIZE,CONV1_SIZE,NUM_LAYERS,OUTPUT_SIZE,EPOCHS
1.15878,1.1586921138650457,1.15965,-0.0009578861349543999,0.00046289652647388393,0.0004038038445847073,120,32,256,32,4,1,5
last_close,predict,target_value,residual,train_loss,test_loss,LOOKBACK,BATCH_SIZE,HIDDEN_SIZE,CONV1_SIZE,NUM_LAYERS,OUTPUT_SIZE,EPOCHS
1.15878,1.158022635449318,1.15965,-0.001627364550682131,0.0006086829404929468,0.0004968928023094449,120,32,256,32,5,1,5
last_close,predict,target_value,residual,train_loss,test_loss,LOOKBACK,BATCH_SIZE,HIDDEN_SIZE,CONV1_SIZE,NUM_LAYERS,OUTPUT_SIZE,EPOCHS
1.15878,1.158051399965459,1.15965,-0.0015986000345411533,0.0008734774533146693,0.0006803881609439253,120,32,256,32,6,1,5
last_close,predict,target_value,residual,train_loss,test_loss,LOOKBACK,BATCH_SIZE,HIDDEN_SIZE,CONV1_SIZE,NUM_LAYERS,OUTPUT_SIZE,EPOCHS
1.15878,1.1586991089880858,1.15965,-0.0009508910119142566,0.00042788405169584364,0.0004188766497230599,120,64,256,32,1,1,5
last_close,predict,target_value,residual,train_loss,test_loss,LOOKBACK,BATCH_SIZE,HIDDEN_SIZE,CONV1_SIZE,NUM_LAYERS,OUTPUT_SIZE,EPOCHS
1.15878,1.158399530370778,1.15965,-0.0012504696292221507,0.0004163473716359406,0.00040838623224259116,120,64,256,32,2,1,5
last_close,predict,target_value,residual,train_loss,test_loss,LOOKBACK,BATCH_SIZE,HIDDEN_SIZE,CONV1_SIZE,NUM_LAYERS,OUTPUT_SIZE,EPOCHS
1.15878,1.1582986356484986,1.15965,-0.0013513643515015161,0.00042915146304249694,0.0004121565601589958,120,64,256,32,3,1,5
last_close,predict,target_value,residual,train_loss,test_loss,LOOKBACK,BATCH_SIZE,HIDDEN_SIZE,CONV1_SIZE,NUM_LAYERS,OUTPUT_SIZE,EPOCHS
1.15878,1.1578702361214415,1.15965,-0.0017797638785586045,0.0004582641997610783,0.00043393661624763924,120,64,256,32,4,1,5
last_close,predict,target_value,residual,train_loss,test_loss,LOOKBACK,BATCH_SIZE,HIDDEN_SIZE,CONV1_SIZE,NUM_LAYERS,OUTPUT_SIZE,EPOCHS
1.15878,1.1591466882532802,1.15965,-0.0005033117467199144,0.00067949493295134,0.0005935879278881773,120,64,256,32,5,1,5
last_close,predict,target_value,residual,train_loss,test_loss,LOOKBACK,BATCH_SIZE,HIDDEN_SIZE,CONV1_SIZE,NUM_LAYERS,OUTPUT_SIZE,EPOCHS
1.15878,1.1606159661615798,1.15965,0.0009659661615797344,0.0009551825862730859,0.000880503074977941,120,64,256,32,6,1,5
last_close,predict,target_value,residual,train_loss,test_loss,LOOKBACK,BATCH_SIZE,HIDDEN_SIZE,CONV1_SIZE,NUM_LAYERS,OUTPUT_SIZE,EPOCHS
1.15878,1.1584062403941893,1.15965,-0.0012437596058108014,0.0005091549546472005,0.00044718629849226907,120,128,256,32,1,1,5
last_close,predict,target_value,residual,train_loss,test_loss,LOOKBACK,BATCH_SIZE,HIDDEN_SIZE,CONV1_SIZE,NUM_LAYERS,OUTPUT_SIZE,EPOCHS
1.15878,1.1580697210106656,1.15965,-0.0015802789893344382,0.0004694126420919276,0.0005169657028417509,120,128,256,32,2,1,5
last_close,predict,target_value,residual,train_loss,test_loss,LOOKBACK,BATCH_SIZE,HIDDEN_SIZE,CONV1_SIZE,NUM_LAYERS,OUTPUT_SIZE,EPOCHS
1.15878,1.1574532948842358,1.15965,-0.002196705115764308,0.0004725514483232893,0.0004945353822012504,120,128,256,32,3,1,5
last_close,predict,target_value,residual,train_loss,test_loss,LOOKBACK,BATCH_SIZE,HIDDEN_SIZE,CONV1_SIZE,NUM_LAYERS,OUTPUT_SIZE,EPOCHS
1.15878,1.1582573776593295,1.15965,-0.0013926223406706129,0.0005188273211481432,0.0005209721995738503,120,128,256,32,4,1,5
last_close,predict,target_value,residual,train_loss,test_loss,LOOKBACK,BATCH_SIZE,HIDDEN_SIZE,CONV1_SIZE,NUM_LAYERS,OUTPUT_SIZE,EPOCHS
1.15878,1.1572261519369547,1.15965,-0.0024238480630454085,0.0007780816176352509,0.0007934419823308977,120,128,256,32,5,1,5
last_close,predict,target_value,residual,train_loss,test_loss,LOOKBACK,BATCH_SIZE,HIDDEN_SIZE,CONV1_SIZE,NUM_LAYERS,OUTPUT_SIZE,EPOCHS
1.15878,1.1570759757073756,1.15965,-0.0025740242926244328,0.001595304824429779,0.001311086935367292,120,128,256,32,6,1,5
last_close,predict,target_value,residual,train_loss,test_loss,LOOKBACK,BATCH_SIZE,HIDDEN_SIZE,CONV1_SIZE,NUM_LAYERS,OUTPUT_SIZE,EPOCHS
1.15878,1.158437852512577,1.15965,-0.0012121474874231541,0.0007110196964230197,0.0005283871387991195,120,256,256,32,1,1,5
last_close,predict,target_value,residual,train_loss,test_loss,LOOKBACK,BATCH_SIZE,HIDDEN_SIZE,CONV1_SIZE,NUM_LAYERS,OUTPUT_SIZE,EPOCHS
1.15878,1.1584774609967494,1.15965,-0.00117253900325065,0.0007213028310126482,0.0004596570999218294,120,256,256,32,2,1,5
last_close,predict,target_value,residual,train_loss,test_loss,LOOKBACK,BATCH_SIZE,HIDDEN_SIZE,CONV1_SIZE,NUM_LAYERS,OUTPUT_SIZE,EPOCHS
1.15878,1.1575921553737778,1.15965,-0.0020578446262222716,0.0009413342922925949,0.000588309874262613,120,256,256,32,3,1,5
last_close,predict,target_value,residual,train_loss,test_loss,LOOKBACK,BATCH_SIZE,HIDDEN_SIZE,CONV1_SIZE,NUM_LAYERS,OUTPUT_SIZE,EPOCHS
1.15878,1.1567580183461263,1.15965,-0.002891981653873721,0.0008593909056239332,0.0006861705094193801,120,256,256,32,4,1,5
last_close,predict,target_value,residual,train_loss,test_loss,LOOKBACK,BATCH_SIZE,HIDDEN_SIZE,CONV1_SIZE,NUM_LAYERS,OUTPUT_SIZE,EPOCHS
1.15878,1.1575830627320385,1.15965,-0.0020669372679615883,0.0018272472736545098,0.0010086664712080397,120,256,256,32,5,1,5
last_close,predict,target_value,residual,train_loss,test_loss,LOOKBACK,BATCH_SIZE,HIDDEN_SIZE,CONV1_SIZE,NUM_LAYERS,OUTPUT_SIZE,EPOCHS
1.15878,1.1585557242389548,1.15965,-0.0010942757610452603,0.003605443397715974,0.0016264855706443389,120,256,256,32,6,1,5
last_close,predict,target_value,residual,train_loss,test_loss,LOOKBACK,BATCH_SIZE,HIDDEN_SIZE,CONV1_SIZE,NUM_LAYERS,OUTPUT_SIZE,EPOCHS
1.15878,1.159151348274597,1.15965,-0.0004986517254030876,0.0012332694105003984,0.000629570079036057,120,512,256,32,1,1,5
last_close,predict,target_value,residual,train_loss,test_loss,LOOKBACK,BATCH_SIZE,HIDDEN_SIZE,CONV1_SIZE,NUM_LAYERS,OUTPUT_SIZE,EPOCHS
1.15878,1.1591971848280462,1.15965,-0.00045281517195383536,0.001488947330448681,0.000637694334727712,120,512,256,32,2,1,5
last_close,predict,target_value,residual,train_loss,test_loss,LOOKBACK,BATCH_SIZE,HIDDEN_SIZE,CONV1_SIZE,NUM_LAYERS,OUTPUT_SIZE,EPOCHS
1.15878,1.1587417144124064,1.15965,-0.0009082855875937046,0.001919104323650782,0.0006472750275861472,120,512,256,32,3,1,5
last_close,predict,target_value,residual,train_loss,test_loss,LOOKBACK,BATCH_SIZE,HIDDEN_SIZE,CONV1_SIZE,NUM_LAYERS,OUTPUT_SIZE,EPOCHS
1.15878,1.1580681122341878,1.15965,-0.001581887765812251,0.0026103705137920305,0.0009599546319805086,120,512,256,32,4,1,5
last_close,predict,target_value,residual,train_loss,test_loss,LOOKBACK,BATCH_SIZE,HIDDEN_SIZE,CONV1_SIZE,NUM_LAYERS,OUTPUT_SIZE,EPOCHS
1.15878,1.161228356770642,1.15965,0.0015783567706419976,0.005750762573323953,0.0019301445921882988,120,512,256,32,5,1,5
last_close,predict,target_value,residual,train_loss,test_loss,LOOKBACK,BATCH_SIZE,HIDDEN_SIZE,CONV1_SIZE,NUM_LAYERS,OUTPUT_SIZE,EPOCHS
1.15878,1.1651874301033127,1.15965,0.005537430103312646,0.08993866722075602,0.004517859360203147,120,512,256,32,6,1,5
last_close,predict,target_value,residual,train_loss,test_loss,LOOKBACK,BATCH_SIZE,HIDDEN_SIZE,CONV1_SIZE,NUM_LAYERS,OUTPUT_SIZE,EPOCHS
1.15878,1.1589672791295982,1.15965,-0.0006827208704018872,0.0004419988040676664,0.00041177287445563716,120,8,256,64,1,1,5
last_close,predict,target_value,residual,train_loss,test_loss,LOOKBACK,BATCH_SIZE,HIDDEN_SIZE,CONV1_SIZE,NUM_LAYERS,OUTPUT_SIZE,EPOCHS
1.15878,1.1592493037554632,1.15965,-0.0004006962445368689,0.0004468218487117037,0.0003786079881115384,120,8,256,64,2,1,5
last_close,predict,target_value,residual,train_loss,test_loss,LOOKBACK,BATCH_SIZE,HIDDEN_SIZE,CONV1_SIZE,NUM_LAYERS,OUTPUT_SIZE,EPOCHS
1.15878,1.158219781842776,1.15965,-0.0014302181572241057,0.00047477551838757904,0.0006315520617545809,120,8,256,64,3,1,5
last_close,predict,target_value,residual,train_loss,test_loss,LOOKBACK,BATCH_SIZE,HIDDEN_SIZE,CONV1_SIZE,NUM_LAYERS,OUTPUT_SIZE,EPOCHS
1.15878,1.1588115061227784,1.15965,-0.0008384938772216799,0.0005212970672826548,0.0003907838281017277,120,8,256,64,4,1,5
last_close,predict,target_value,residual,train_loss,test_loss,LOOKBACK,BATCH_SIZE,HIDDEN_SIZE,CONV1_SIZE,NUM_LAYERS,OUTPUT_SIZE,EPOCHS
1.15878,1.1579187879094526,1.15965,-0.001731212090547496,0.0006122541035616879,0.0005477968708958563,120,8,256,64,5,1,5
last_close,predict,target_value,residual,train_loss,test_loss,LOOKBACK,BATCH_SIZE,HIDDEN_SIZE,CONV1_SIZE,NUM_LAYERS,OUTPUT_SIZE,EPOCHS
1.15878,1.1579359753442298,1.15965,-0.0017140246557703076,0.0007174161943344199,0.0007702927484738871,120,8,256,64,6,1,5
last_close,predict,target_value,residual,train_loss,test_loss,LOOKBACK,BATCH_SIZE,HIDDEN_SIZE,CONV1_SIZE,NUM_LAYERS,OUTPUT_SIZE,EPOCHS
1.15878,1.158745699019126,1.15965,-0.0009043009808740177,0.0004139086053132891,0.00040244377972461126,120,16,256,64,1,1,5
last_close,predict,target_value,residual,train_loss,test_loss,LOOKBACK,BATCH_SIZE,HIDDEN_SIZE,CONV1_SIZE,NUM_LAYERS,OUTPUT_SIZE,EPOCHS
1.15878,1.1586633086203864,1.15965,-0.0009866913796137133,0.0004172754961663032,0.0004513902143886438,120,16,256,64,2,1,5
last_close,predict,target_value,residual,train_loss,test_loss,LOOKBACK,BATCH_SIZE,HIDDEN_SIZE,CONV1_SIZE,NUM_LAYERS,OUTPUT_SIZE,EPOCHS
1.15878,1.1585118664126928,1.15965,-0.0011381335873072995,0.0004374271627320463,0.00044474136971891706,120,16,256,64,3,1,5
last_close,predict,target_value,residual,train_loss,test_loss,LOOKBACK,BATCH_SIZE,HIDDEN_SIZE,CONV1_SIZE,NUM_LAYERS,OUTPUT_SIZE,EPOCHS
1.15878,1.1572849401592644,1.15965,-0.0023650598407356505,0.00047869612460455543,0.0005069395264434626,120,16,256,64,4,1,5
last_close,predict,target_value,residual,train_loss,test_loss,LOOKBACK,BATCH_SIZE,HIDDEN_SIZE,CONV1_SIZE,NUM_LAYERS,OUTPUT_SIZE,EPOCHS
1.15878,1.1573333120629856,1.15965,-0.00231668793701445,0.0005819598640725162,0.0004820587403698412,120,16,256,64,5,1,5
last_close,predict,target_value,residual,train_loss,test_loss,LOOKBACK,BATCH_SIZE,HIDDEN_SIZE,CONV1_SIZE,NUM_LAYERS,OUTPUT_SIZE,EPOCHS
1.15878,1.1576731202743724,1.15965,-0.001976879725627656,0.0007349970303940772,0.0005757033682596394,120,16,256,64,6,1,5
last_close,predict,target_value,residual,train_loss,test_loss,LOOKBACK,BATCH_SIZE,HIDDEN_SIZE,CONV1_SIZE,NUM_LAYERS,OUTPUT_SIZE,EPOCHS
1.15878,1.1589407648641006,1.15965,-0.0007092351358994886,0.0004101409804505956,0.00040638849420177465,120,32,256,64,1,1,5
last_close,predict,target_value,residual,train_loss,test_loss,LOOKBACK,BATCH_SIZE,HIDDEN_SIZE,CONV1_SIZE,NUM_LAYERS,OUTPUT_SIZE,EPOCHS
1.15878,1.1591133791132913,1.15965,-0.0005366208867088051,0.00041315974548405656,0.0004386775165655238,120,32,256,64,2,1,5
last_close,predict,target_value,residual,train_loss,test_loss,LOOKBACK,BATCH_SIZE,HIDDEN_SIZE,CONV1_SIZE,NUM_LAYERS,OUTPUT_SIZE,EPOCHS
1.15878,1.1584968036489602,1.15965,-0.0011531963510398313,0.00042829393384826564,0.0004023558179212089,120,32,256,64,3,1,5
last_close,predict,target_value,residual,train_loss,test_loss,LOOKBACK,BATCH_SIZE,HIDDEN_SIZE,CONV1_SIZE,NUM_LAYERS,OUTPUT_SIZE,EPOCHS
1.15878,1.1580455146945459,1.15965,-0.0016044853054542063,0.00046757351002695507,0.00044251286920207815,120,32,256,64,4,1,5
last_close,predict,target_value,residual,train_loss,test_loss,LOOKBACK,BATCH_SIZE,HIDDEN_SIZE,CONV1_SIZE,NUM_LAYERS,OUTPUT_SIZE,EPOCHS
1.15878,1.1578649889306505,1.15965,-0.0017850110693495846,0.0005921679652077926,0.0006674239357846837,120,32,256,64,5,1,5
last_close,predict,target_value,residual,train_loss,test_loss,LOOKBACK,BATCH_SIZE,HIDDEN_SIZE,CONV1_SIZE,NUM_LAYERS,OUTPUT_SIZE,EPOCHS
1.15878,1.1586162366352115,1.15965,-0.0010337633647885536,0.0008180377931717213,0.0006212295916506824,120,32,256,64,6,1,5
last_close,predict,target_value,residual,train_loss,test_loss,LOOKBACK,BATCH_SIZE,HIDDEN_SIZE,CONV1_SIZE,NUM_LAYERS,OUTPUT_SIZE,EPOCHS
1.15878,1.159071781719802,1.15965,-0.0005782182801981062,0.00043271284912640485,0.00041145873948176485,120,64,256,64,1,1,5
last_close,predict,target_value,residual,train_loss,test_loss,LOOKBACK,BATCH_SIZE,HIDDEN_SIZE,CONV1_SIZE,NUM_LAYERS,OUTPUT_SIZE,EPOCHS
1.15878,1.158767074703215,1.15965,-0.0008829252967850199,0.0004404322019884906,0.0004105996320924113,120,64,256,64,2,1,5
last_close,predict,target_value,residual,train_loss,test_loss,LOOKBACK,BATCH_SIZE,HIDDEN_SIZE,CONV1_SIZE,NUM_LAYERS,OUTPUT_SIZE,EPOCHS
1.15878,1.1584654902063745,1.15965,-0.00118450979362561,0.0004415927090658209,0.0004175512194939447,120,64,256,64,3,1,5
last_close,predict,target_value,residual,train_loss,test_loss,LOOKBACK,BATCH_SIZE,HIDDEN_SIZE,CONV1_SIZE,NUM_LAYERS,OUTPUT_SIZE,EPOCHS
1.15878,1.157979734743239,1.15965,-0.001670265256761061,0.000494689164695909,0.0005384610836373236,120,64,256,64,4,1,5
last_close,predict,target_value,residual,train_loss,test_loss,LOOKBACK,BATCH_SIZE,HIDDEN_SIZE,CONV1_SIZE,NUM_LAYERS,OUTPUT_SIZE,EPOCHS
1.15878,1.1589270698997787,1.15965,-0.0007229301002213973,0.0006240671648181608,0.0005555564010790429,120,64,256,64,5,1,5
last_close,predict,target_value,residual,train_loss,test_loss,LOOKBACK,BATCH_SIZE,HIDDEN_SIZE,CONV1_SIZE,NUM_LAYERS,OUTPUT_SIZE,EPOCHS
1.15878,1.1583792441745568,1.15965,-0.001270755825443226,0.0009707024449968371,0.0007807169052121493,120,64,256,64,6,1,5
last_close,predict,target_value,residual,train_loss,test_loss,LOOKBACK,BATCH_SIZE,HIDDEN_SIZE,CONV1_SIZE,NUM_LAYERS,OUTPUT_SIZE,EPOCHS
1.15878,1.1583718519484618,1.15965,-0.0012781480515382526,0.0005290270166416378,0.00048110976095836703,120,128,256,64,1,1,5
last_close,predict,target_value,residual,train_loss,test_loss,LOOKBACK,BATCH_SIZE,HIDDEN_SIZE,CONV1_SIZE,NUM_LAYERS,OUTPUT_SIZE,EPOCHS
1.15878,1.1584233226136271,1.15965,-0.001226677386372943,0.000523677404159501,0.0004897588813223708,120,128,256,64,2,1,5
last_close,predict,target_value,residual,train_loss,test_loss,LOOKBACK,BATCH_SIZE,HIDDEN_SIZE,CONV1_SIZE,NUM_LAYERS,OUTPUT_SIZE,EPOCHS
1.15878,1.158314115879545,1.15965,-0.0013358841204551553,0.0005043395905000253,0.00045978275533670036,120,128,256,64,3,1,5
last_close,predict,target_value,residual,train_loss,test_loss,LOOKBACK,BATCH_SIZE,HIDDEN_SIZE,CONV1_SIZE,NUM_LAYERS,OUTPUT_SIZE,EPOCHS
1.15878,1.1579747421056883,1.15965,-0.0016752578943117769,0.0005161727307821797,0.00053468477301813,120,128,256,64,4,1,5
last_close,predict,target_value,residual,train_loss,test_loss,LOOKBACK,BATCH_SIZE,HIDDEN_SIZE,CONV1_SIZE,NUM_LAYERS,OUTPUT_SIZE,EPOCHS
1.15878,1.156702525739766,1.15965,-0.0029474742602340065,0.000700866858936094,0.0007281760440375179,120,128,256,64,5,1,5
last_close,predict,target_value,residual,train_loss,test_loss,LOOKBACK,BATCH_SIZE,HIDDEN_SIZE,CONV1_SIZE,NUM_LAYERS,OUTPUT_SIZE,EPOCHS
1.15878,1.1601584389557593,1.15965,0.0005084389557592495,0.0010110938903660728,0.0008642961381552502,120,128,256,64,6,1,5
last_close,predict,target_value,residual,train_loss,test_loss,LOOKBACK,BATCH_SIZE,HIDDEN_SIZE,CONV1_SIZE,NUM_LAYERS,OUTPUT_SIZE,EPOCHS
1.15878,1.1583507511818723,1.15965,-0.0012992488181278183,0.0007402433158205942,0.0006487808087303375,120,256,256,64,1,1,5
last_close,predict,target_value,residual,train_loss,test_loss,LOOKBACK,BATCH_SIZE,HIDDEN_SIZE,CONV1_SIZE,NUM_LAYERS,OUTPUT_SIZE,EPOCHS
1.15878,1.1578929015419475,1.15965,-0.0017570984580526083,0.000660810753731475,0.0005571993623072138,120,256,256,64,2,1,5
last_close,predict,target_value,residual,train_loss,test_loss,LOOKBACK,BATCH_SIZE,HIDDEN_SIZE,CONV1_SIZE,NUM_LAYERS,OUTPUT_SIZE,EPOCHS
1.15878,1.1573068928306978,1.15965,-0.0023431071693023053,0.0007027377400962182,0.0006541509117083385,120,256,256,64,3,1,5
last_close,predict,target_value,residual,train_loss,test_loss,LOOKBACK,BATCH_SIZE,HIDDEN_SIZE,CONV1_SIZE,NUM_LAYERS,OUTPUT_SIZE,EPOCHS
1.15878,1.1573955520272323,1.15965,-0.002254447972767748,0.0007609739833965134,0.0006947295802931946,120,256,256,64,4,1,5
last_close,predict,target_value,residual,train_loss,test_loss,LOOKBACK,BATCH_SIZE,HIDDEN_SIZE,CONV1_SIZE,NUM_LAYERS,OUTPUT_SIZE,EPOCHS
1.15878,1.1571794804488778,1.15965,-0.002470519551122319,0.000977293505013968,0.0009099791148820749,120,256,256,64,5,1,5
last_close,predict,target_value,residual,train_loss,test_loss,LOOKBACK,BATCH_SIZE,HIDDEN_SIZE,CONV1_SIZE,NUM_LAYERS,OUTPUT_SIZE,EPOCHS
1.15878,1.15783448666439,1.15965,-0.0018155133356101416,0.002328489353366865,0.0014240430721726555,120,256,256,64,6,1,5
last_close,predict,target_value,residual,train_loss,test_loss,LOOKBACK,BATCH_SIZE,HIDDEN_SIZE,CONV1_SIZE,NUM_LAYERS,OUTPUT_SIZE,EPOCHS
1.15878,1.1595593733603098,1.15965,-9.062663969028328e-05,0.0012572692260922242,0.0007986384705873206,120,512,256,64,1,1,5
last_close,predict,target_value,residual,train_loss,test_loss,LOOKBACK,BATCH_SIZE,HIDDEN_SIZE,CONV1_SIZE,NUM_LAYERS,OUTPUT_SIZE,EPOCHS
1.15878,1.1576953105288301,1.15965,-0.001954689471169946,0.0015091284055812045,0.0008197737712180242,120,512,256,64,2,1,5
last_close,predict,target_value,residual,train_loss,test_loss,LOOKBACK,BATCH_SIZE,HIDDEN_SIZE,CONV1_SIZE,NUM_LAYERS,OUTPUT_SIZE,EPOCHS
1.15878,1.156333457481931,1.15965,-0.00331654251806901,0.0020168172464204524,0.0009438035544008016,120,512,256,64,3,1,5
last_close,predict,target_value,residual,train_loss,test_loss,LOOKBACK,BATCH_SIZE,HIDDEN_SIZE,CONV1_SIZE,NUM_LAYERS,OUTPUT_SIZE,EPOCHS
1.15878,1.1582411507387784,1.15965,-0.0014088492612216452,0.001531782825716222,0.0007987865363247692,120,512,256,64,4,1,5
last_close,predict,target_value,residual,train_loss,test_loss,LOOKBACK,BATCH_SIZE,HIDDEN_SIZE,CONV1_SIZE,NUM_LAYERS,OUTPUT_SIZE,EPOCHS
1.15878,1.1585721683782708,1.15965,-0.0010778316217292527,0.003447776612563011,0.0011587417859118432,120,512,256,64,5,1,5
last_close,predict,target_value,residual,train_loss,test_loss,LOOKBACK,BATCH_SIZE,HIDDEN_SIZE,CONV1_SIZE,NUM_LAYERS,OUTPUT_SIZE,EPOCHS
1.15878,1.1609149576094138,1.15965,0.0012649576094136972,0.035638178495737985,0.002955081593245268,120,512,256,64,6,1,5
last_close,predict,target_value,residual,train_loss,test_loss,LOOKBACK,BATCH_SIZE,HIDDEN_SIZE,CONV1_SIZE,NUM_LAYERS,OUTPUT_SIZE,EPOCHS
1.15878,1.1588783144691754,1.15965,-0.0007716855308246284,0.00046588557912501224,0.0004196307863639521,120,8,256,128,1,1,5
last_close,predict,target_value,residual,train_loss,test_loss,LOOKBACK,BATCH_SIZE,HIDDEN_SIZE,CONV1_SIZE,NUM_LAYERS,OUTPUT_SIZE,EPOCHS
1.15878,1.1582560370122645,1.15965,-0.0013939629877355308,0.00045846630177674594,0.00046705694099245305,120,8,256,128,2,1,5
last_close,predict,target_value,residual,train_loss,test_loss,LOOKBACK,BATCH_SIZE,HIDDEN_SIZE,CONV1_SIZE,NUM_LAYERS,OUTPUT_SIZE,EPOCHS
1.15878,1.157924951491908,1.15965,-0.0017250485080919642,0.0004736040756531498,0.0004805918788173025,120,8,256,128,3,1,5
last_close,predict,target_value,residual,train_loss,test_loss,LOOKBACK,BATCH_SIZE,HIDDEN_SIZE,CONV1_SIZE,NUM_LAYERS,OUTPUT_SIZE,EPOCHS
1.15878,1.1579924827695074,1.15965,-0.0016575172304926777,0.0005296930700655636,0.0004892852700702681,120,8,256,128,4,1,5
last_close,predict,target_value,residual,train_loss,test_loss,LOOKBACK,BATCH_SIZE,HIDDEN_SIZE,CONV1_SIZE,NUM_LAYERS,OUTPUT_SIZE,EPOCHS
1.15878,1.1573733957132066,1.15965,-0.0022766042867934377,0.0005893956570211348,0.0004717095348106314,120,8,256,128,5,1,5
last_close,predict,target_value,residual,train_loss,test_loss,LOOKBACK,BATCH_SIZE,HIDDEN_SIZE,CONV1_SIZE,NUM_LAYERS,OUTPUT_SIZE,EPOCHS
1.15878,1.1567946672246265,1.15965,-0.0028553327753735314,0.0007101542215502021,0.0008902200396511959,120,8,256,128,6,1,5
last_close,predict,target_value,residual,train_loss,test_loss,LOOKBACK,BATCH_SIZE,HIDDEN_SIZE,CONV1_SIZE,NUM_LAYERS,OUTPUT_SIZE,EPOCHS
1.15878,1.1581810897502678,1.15965,-0.0014689102497322803,0.00041513885932648075,0.0005031931749120607,120,16,256,128,1,1,5
last_close,predict,target_value,residual,train_loss,test_loss,LOOKBACK,BATCH_SIZE,HIDDEN_SIZE,CONV1_SIZE,NUM_LAYERS,OUTPUT_SIZE,EPOCHS
1.15878,1.1578803130357094,1.15965,-0.0017696869642906954,0.00043335921598550327,0.0004897242804767862,120,16,256,128,2,1,5
last_close,predict,target_value,residual,train_loss,test_loss,LOOKBACK,BATCH_SIZE,HIDDEN_SIZE,CONV1_SIZE,NUM_LAYERS,OUTPUT_SIZE,EPOCHS
1.15878,1.1584970038975093,1.15965,-0.0011529961024907553,0.00043864370270218594,0.0004580764377048278,120,16,256,128,3,1,5
last_close,predict,target_value,residual,train_loss,test_loss,LOOKBACK,BATCH_SIZE,HIDDEN_SIZE,CONV1_SIZE,NUM_LAYERS,OUTPUT_SIZE,EPOCHS
1.15878,1.157554254093336,1.15965,-0.0020957459066641704,0.0005002833438259826,0.00046145469834813505,120,16,256,128,4,1,5
last_close,predict,target_value,residual,train_loss,test_loss,LOOKBACK,BATCH_SIZE,HIDDEN_SIZE,CONV1_SIZE,NUM_LAYERS,OUTPUT_SIZE,EPOCHS
1.15878,1.1573945677547037,1.15965,-0.0022554322452963405,0.0005898035423004975,0.0006889462742364207,120,16,256,128,5,1,5
last_close,predict,target_value,residual,train_loss,test_loss,LOOKBACK,BATCH_SIZE,HIDDEN_SIZE,CONV1_SIZE,NUM_LAYERS,OUTPUT_SIZE,EPOCHS
1.15878,1.156935934090799,1.15965,-0.002714065909201091,0.0007738473949157211,0.0005937038185131827,120,16,256,128,6,1,5
last_close,predict,target_value,residual,train_loss,test_loss,LOOKBACK,BATCH_SIZE,HIDDEN_SIZE,CONV1_SIZE,NUM_LAYERS,OUTPUT_SIZE,EPOCHS
1.15878,1.1586818265200989,1.15965,-0.000968173479901191,0.000414018709494571,0.00043517804356386664,120,32,256,128,1,1,5
last_close,predict,target_value,residual,train_loss,test_loss,LOOKBACK,BATCH_SIZE,HIDDEN_SIZE,CONV1_SIZE,NUM_LAYERS,OUTPUT_SIZE,EPOCHS
1.15878,1.1586304576762299,1.15965,-0.0010195423237702173,0.00042484596170887945,0.00042501034047932195,120,32,256,128,2,1,5
last_close,predict,target_value,residual,train_loss,test_loss,LOOKBACK,BATCH_SIZE,HIDDEN_SIZE,CONV1_SIZE,NUM_LAYERS,OUTPUT_SIZE,EPOCHS
1.15878,1.1576529596577498,1.15965,-0.0019970403422502336,0.0004381355944423527,0.0005716585783841602,120,32,256,128,3,1,5
last_close,predict,target_value,residual,train_loss,test_loss,LOOKBACK,BATCH_SIZE,HIDDEN_SIZE,CONV1_SIZE,NUM_LAYERS,OUTPUT_SIZE,EPOCHS
1.15878,1.1581006645025425,1.15965,-0.0015493354974576157,0.00048049814025653934,0.00046057158523091435,120,32,256,128,4,1,5
last_close,predict,target_value,residual,train_loss,test_loss,LOOKBACK,BATCH_SIZE,HIDDEN_SIZE,CONV1_SIZE,NUM_LAYERS,OUTPUT_SIZE,EPOCHS
1.15878,1.1571729570978426,1.15965,-0.0024770429021574447,0.0005999031468647821,0.0005551526828639908,120,32,256,128,5,1,5
last_close,predict,target_value,residual,train_loss,test_loss,LOOKBACK,BATCH_SIZE,HIDDEN_SIZE,CONV1_SIZE,NUM_LAYERS,OUTPUT_SIZE,EPOCHS
1.15878,1.1568179910895138,1.15965,-0.0028320089104862944,0.000807313031671754,0.0008754613869920528,120,32,256,128,6,1,5
last_close,predict,target_value,residual,train_loss,test_loss,LOOKBACK,BATCH_SIZE,HIDDEN_SIZE,CONV1_SIZE,NUM_LAYERS,OUTPUT_SIZE,EPOCHS
1.15878,1.159076913513124,1.15965,-0.0005730864868760399,0.00043316483280273713,0.0004592490169251015,120,64,256,128,1,1,5
last_close,predict,target_value,residual,train_loss,test_loss,LOOKBACK,BATCH_SIZE,HIDDEN_SIZE,CONV1_SIZE,NUM_LAYERS,OUTPUT_SIZE,EPOCHS
1.15878,1.1588192139948912,1.15965,-0.0008307860051088856,0.0004478129698887082,0.000478603005504761,120,64,256,128,2,1,5
last_close,predict,target_value,residual,train_loss,test_loss,LOOKBACK,BATCH_SIZE,HIDDEN_SIZE,CONV1_SIZE,NUM_LAYERS,OUTPUT_SIZE,EPOCHS
1.15878,1.1579660635372195,1.15965,-0.001683936462780533,0.00045388634181365027,0.00046118206293426623,120,64,256,128,3,1,5
last_close,predict,target_value,residual,train_loss,test_loss,LOOKBACK,BATCH_SIZE,HIDDEN_SIZE,CONV1_SIZE,NUM_LAYERS,OUTPUT_SIZE,EPOCHS
1.15878,1.157069513449118,1.15965,-0.002580486550882055,0.0004774283398570006,0.000615161323833327,120,64,256,128,4,1,5
last_close,predict,target_value,residual,train_loss,test_loss,LOOKBACK,BATCH_SIZE,HIDDEN_SIZE,CONV1_SIZE,NUM_LAYERS,OUTPUT_SIZE,EPOCHS
1.15878,1.1579419352840932,1.15965,-0.0017080647159068985,0.000619620817885264,0.0009254176488283497,120,64,256,128,5,1,5
last_close,predict,target_value,residual,train_loss,test_loss,LOOKBACK,BATCH_SIZE,HIDDEN_SIZE,CONV1_SIZE,NUM_LAYERS,OUTPUT_SIZE,EPOCHS
1.15878,1.158601241752343,1.15965,-0.0010487582476570445,0.0009381674101929932,0.0008543757348655699,120,64,256,128,6,1,5
last_close,predict,target_value,residual,train_loss,test_loss,LOOKBACK,BATCH_SIZE,HIDDEN_SIZE,CONV1_SIZE,NUM_LAYERS,OUTPUT_SIZE,EPOCHS
1.15878,1.1585283241281814,1.15965,-0.0011216758718186615,0.0004982297014533124,0.0006032406941253262,120,128,256,128,1,1,5
last_close,predict,target_value,residual,train_loss,test_loss,LOOKBACK,BATCH_SIZE,HIDDEN_SIZE,CONV1_SIZE,NUM_LAYERS,OUTPUT_SIZE,EPOCHS
1.15878,1.1586755712984769,1.15965,-0.0009744287015232,0.0005239572700445886,0.000528370512303156,120,128,256,128,2,1,5
last_close,predict,target_value,residual,train_loss,test_loss,LOOKBACK,BATCH_SIZE,HIDDEN_SIZE,CONV1_SIZE,NUM_LAYERS,OUTPUT_SIZE,EPOCHS
1.15878,1.1586014487889784,1.15965,-0.0010485512110216533,0.0004984244004821775,0.0005214023284423045,120,128,256,128,3,1,5
last_close,predict,target_value,residual,train_loss,test_loss,LOOKBACK,BATCH_SIZE,HIDDEN_SIZE,CONV1_SIZE,NUM_LAYERS,OUTPUT_SIZE,EPOCHS
1.15878,1.1587721250395002,1.15965,-0.000877874960499847,0.0005698984807681065,0.0005464078425668562,120,128,256,128,4,1,5
last_close,predict,target_value,residual,train_loss,test_loss,LOOKBACK,BATCH_SIZE,HIDDEN_SIZE,CONV1_SIZE,NUM_LAYERS,OUTPUT_SIZE,EPOCHS
1.15878,1.158343908790776,1.15965,-0.0013060912092239807,0.0007047597525972658,0.0007291626325474145,120,128,256,128,5,1,5
last_close,predict,target_value,residual,train_loss,test_loss,LOOKBACK,BATCH_SIZE,HIDDEN_SIZE,CONV1_SIZE,NUM_LAYERS,OUTPUT_SIZE,EPOCHS
1.15878,1.1583362043127066,1.15965,-0.0013137956872935064,0.0010096152840653816,0.0008917006414729911,120,128,256,128,6,1,5
last_close,predict,target_value,residual,train_loss,test_loss,LOOKBACK,BATCH_SIZE,HIDDEN_SIZE,CONV1_SIZE,NUM_LAYERS,OUTPUT_SIZE,EPOCHS
1.15878,1.1576351680832826,1.15965,-0.0020148319167174744,0.0006985121482359365,0.0006606814194804964,120,256,256,128,1,1,5
last_close,predict,target_value,residual,train_loss,test_loss,LOOKBACK,BATCH_SIZE,HIDDEN_SIZE,CONV1_SIZE,NUM_LAYERS,OUTPUT_SIZE,EPOCHS
1.15878,1.1578893208263688,1.15965,-0.0017606791736313188,0.0007081449498983625,0.0006401536020581635,120,256,256,128,2,1,5
last_close,predict,target_value,residual,train_loss,test_loss,LOOKBACK,BATCH_SIZE,HIDDEN_SIZE,CONV1_SIZE,NUM_LAYERS,OUTPUT_SIZE,EPOCHS
1.15878,1.1566272390734493,1.15965,-0.0030227609265507382,0.0006985495927391383,0.0006419677355995354,120,256,256,128,3,1,5
last_close,predict,target_value,residual,train_loss,test_loss,LOOKBACK,BATCH_SIZE,HIDDEN_SIZE,CONV1_SIZE,NUM_LAYERS,OUTPUT_SIZE,EPOCHS
1.15878,1.1587074820926664,1.15965,-0.0009425179073336842,0.0006681038535017974,0.0006237297478573731,120,256,256,128,4,1,5
last_close,predict,target_value,residual,train_loss,test_loss,LOOKBACK,BATCH_SIZE,HIDDEN_SIZE,CONV1_SIZE,NUM_LAYERS,OUTPUT_SIZE,EPOCHS
1.15878,1.1588524518599728,1.15965,-0.0007975481400273043,0.0009385121613890171,0.0008431960968897702,120,256,256,128,5,1,5
last_close,predict,target_value,residual,train_loss,test_loss,LOOKBACK,BATCH_SIZE,HIDDEN_SIZE,CONV1_SIZE,NUM_LAYERS,OUTPUT_SIZE,EPOCHS
1.15878,1.1582439033078158,1.15965,-0.0014060966921842777,0.0014397120703972925,0.0011902723285274054,120,256,256,128,6,1,5
last_close,predict,target_value,residual,train_loss,test_loss,LOOKBACK,BATCH_SIZE,HIDDEN_SIZE,CONV1_SIZE,NUM_LAYERS,OUTPUT_SIZE,EPOCHS
1.15878,1.157131003329817,1.15965,-0.0025189966701830713,0.001172308503345658,0.0010530342784477397,120,512,256,128,1,1,5
last_close,predict,target_value,residual,train_loss,test_loss,LOOKBACK,BATCH_SIZE,HIDDEN_SIZE,CONV1_SIZE,NUM_LAYERS,OUTPUT_SIZE,EPOCHS
1.15878,1.156308562175041,1.15965,-0.0033414378249589927,0.001142801033356824,0.0011804459791164845,120,512,256,128,2,1,5
last_close,predict,target_value,residual,train_loss,test_loss,LOOKBACK,BATCH_SIZE,HIDDEN_SIZE,CONV1_SIZE,NUM_LAYERS,OUTPUT_SIZE,EPOCHS
1.15878,1.1564307137898975,1.15965,-0.00321928621010259,0.0011868850710109258,0.0011425104399677365,120,512,256,128,3,1,5
last_close,predict,target_value,residual,train_loss,test_loss,LOOKBACK,BATCH_SIZE,HIDDEN_SIZE,CONV1_SIZE,NUM_LAYERS,OUTPUT_SIZE,EPOCHS
1.15878,1.1570305192867651,1.15965,-0.002619480713234923,0.0012617661350538046,0.0012740275589749217,120,512,256,128,4,1,5
last_close,predict,target_value,residual,train_loss,test_loss,LOOKBACK,BATCH_SIZE,HIDDEN_SIZE,CONV1_SIZE,NUM_LAYERS,OUTPUT_SIZE,EPOCHS
1.15878,1.1580104610163509,1.15965,-0.0016395389836492136,0.0023488563497383627,0.0015367299783974886,120,512,256,128,5,1,5
last_close,predict,target_value,residual,train_loss,test_loss,LOOKBACK,BATCH_SIZE,HIDDEN_SIZE,CONV1_SIZE,NUM_LAYERS,OUTPUT_SIZE,EPOCHS
1.15878,1.1571687450902282,1.15965,-0.0024812549097719128,0.005664860817770927,0.0022984729730524123,120,512,256,128,6,1,5
last_close,predict,target_value,residual,train_loss,test_loss,LOOKBACK,BATCH_SIZE,HIDDEN_SIZE,CONV1_SIZE,NUM_LAYERS,OUTPUT_SIZE,EPOCHS
1.15878,1.1594598769838298,1.15965,-0.00019012301617027383,0.0005231029216100079,0.00043953779697320514,120,8,512,32,1,1,5
last_close,predict,target_value,residual,train_loss,test_loss,LOOKBACK,BATCH_SIZE,HIDDEN_SIZE,CONV1_SIZE,NUM_LAYERS,OUTPUT_SIZE,EPOCHS
1.15878,1.1586739625219988,1.15965,-0.0009760374780012349,0.0004253365747659852,0.00037088484571817326,120,8,512,32,2,1,5
last_close,predict,target_value,residual,train_loss,test_loss,LOOKBACK,BATCH_SIZE,HIDDEN_SIZE,CONV1_SIZE,NUM_LAYERS,OUTPUT_SIZE,EPOCHS
1.15878,1.1589672519772527,1.15965,-0.0006827480227473703,0.0004619053832073816,0.00038779387188402347,120,8,512,32,3,1,5
